customer_id,gender,senior_citizen,tenure,contract_type,internet_service,payment_method,monthly_charges,total_charges,num_products,support_calls,churn
0,1,0,52,0,1,3,100.15,5182.88,5,6.0,1
1,1,0,15,0,0,0,115.96,1714.73,3,7.0,1
2,1,0,72,0,1,0,68.79,4910.74,2,2.0,0
4,1,0,21,1,1,0,74.8,1582.18,2,1.0,0
5,0,0,24,0,1,3,65.44,1656.14,5,9.0,1
6,1,0,3,1,2,1,104.44,310.17,1,6.0,1
7,0,0,22,0,1,0,29.81,563.25,2,7.0,1
8,1,0,53,2,0,2,68.82,3686.7,2,8.0,1
9,0,0,2,1,0,0,35.0,-11.23,4,6.0,0
10,0,0,30,1,2,3,52.47,1513.58,5,9.0,0
11,0,0,38,0,1,2,93.74,3550.04,4,9.0,1
12,0,0,2,0,0,3,67.6,141.35,1,7.0,0
13,0,0,64,0,1,0,57.59,3635.25,4,8.0,1
15,1,0,21,0,2,2,65.94,1420.6,3,9.0,0
16,1,0,33,2,0,0,98.5,3293.16,3,1.0,0
17,1,0,58,2,1,2,109.21,6396.66,1,1.0,0
19,1,0,49,2,0,2,98.69,4876.32,4,8.0,0
20,1,0,59,0,0,2,51.54,3030.06,1,6.0,0
21,0,0,42,0,2,1,88.81,3773.13,5,1.0,0
22,1,0,60,0,1,3,63.76,3848.95,1,7.0,1
23,0,0,15,1,1,3,45.47,707.32,1,6.0,1
25,0,0,62,2,0,2,23.84,1432.64,2,7.0,0
26,0,0,47,0,2,0,110.18,5126.88,1,2.0,0
27,0,0,62,0,0,1,66.15,4096.3,3,0.0,1
28,0,0,51,2,0,0,83.72,4277.17,2,1.0,0
29,1,0,55,0,0,3,85.94,4692.47,5,1.0,0
30,0,0,64,0,0,1,109.51,7029.92,4,3.0,0
31,0,0,3,1,1,0,83.67,355.04,2,5.0,0
32,1,0,51,0,1,2,81.39,4063.84,1,3.0,1
33,1,0,7,0,2,1,26.67,215.77,3,8.0,1
35,1,0,39,0,1,1,35.02,1388.19,2,5.0,0
36,1,0,18,2,1,1,93.74,1665.85,3,5.0,1
37,1,0,4,2,1,3,71.22,277.59,3,9.0,1
39,0,0,14,0,0,2,24.17,323.26,1,0.0,0
40,1,0,9,0,0,3,28.48,180.29,5,7.0,1
41,0,0,53,2,0,3,91.63,4844.82,3,2.0,0
42,1,0,2,0,1,3,27.21,-16.4,4,5.0,0
46,1,0,8,0,0,0,93.75,771.48,1,0.0,1
47,1,0,47,0,1,1,55.33,2621.95,4,8.0,1
48,1,0,35,0,0,3,49.65,1629.66,5,6.0,0
49,1,0,36,0,0,3,54.97,1962.5,1,2.0,0
50,1,0,50,1,0,1,97.47,4930.95,1,3.0,0
51,1,0,4,1,1,0,86.14,318.62,4,5.0,0
54,0,0,54,0,0,1,29.84,1607.92,5,5.0,1
55,0,0,4,0,1,2,86.03,301.55,5,8.0,1
56,0,0,54,0,0,0,96.44,5269.3,2,4.0,1
57,0,0,63,1,0,3,46.5,2926.56,5,3.0,0
58,0,0,18,0,1,2,22.09,369.92,5,2.0,1
59,0,0,44,0,0,0,28.22,1176.49,2,9.0,0
61,1,0,62,0,0,3,49.54,3094.84,1,2.0,1
62,1,0,14,0,0,1,96.92,1317.3,5,2.0,1
63,1,0,48,2,2,0,82.47,3846.57,1,6.0,0
64,0,0,15,0,1,2,58.19,893.45,4,6.0,1
65,1,0,72,1,1,3,40.57,2911.61,1,0.0,0
66,0,0,62,0,1,1,32.14,2009.4,2,2.0,0
68,1,0,53,2,1,1,97.46,5164.22,1,8.0,0
69,0,0,24,0,1,0,84.39,1999.68,1,6.0,1
70,0,0,26,1,0,1,73.03,1841.42,3,6.0,0
71,1,0,60,0,0,0,24.2,1436.09,3,7.0,1
72,0,0,41,0,1,3,116.85,4798.83,4,5.0,0
73,1,0,29,1,0,3,99.87,2898.94,2,2.0,0
74,0,0,15,2,0,1,49.28,825.41,1,0.0,0
75,0,0,45,2,0,3,118.0,5334.82,1,6.0,0
76,1,0,65,1,0,2,80.19,5205.49,1,0.0,0
77,1,0,71,0,0,2,78.24,5519.87,1,0.0,0
79,0,0,1,1,0,1,101.18,55.83,4,9.0,1
80,0,0,8,0,0,0,85.65,2027.995,5,6.0,0
81,1,0,63,0,1,3,32.81,2091.37,2,3.0,1
83,1,0,8,0,2,0,112.81,870.95,4,0.0,0
84,0,0,35,0,1,1,42.46,1376.89,5,6.0,0
85,0,0,35,2,1,1,57.22,2059.78,4,5.0,0
87,1,0,5,0,0,1,63.94,341.08,5,6.0,0
88,1,0,41,1,0,3,81.29,3254.98,4,2.0,0
90,1,0,7,1,0,2,44.07,285.22,4,3.0,0
91,1,0,72,0,2,1,32.15,2300.37,4,2.0,1
92,1,0,12,0,1,2,39.75,423.5,5,0.0,0
93,0,0,34,0,0,1,108.69,3606.2,3,5.0,0
94,0,0,33,2,1,0,84.58,2027.995,1,4.0,0
96,0,0,23,0,0,2,101.59,2328.4,5,0.0,0
97,1,0,62,0,0,0,106.14,6546.52,3,3.0,0
100,1,0,35,0,0,2,45.22,1522.85,2,6.0,0
101,0,0,65,0,0,3,95.5,6193.16,2,7.0,1
102,1,0,47,0,2,0,66.05,3112.19,1,5.0,0
103,1,0,3,1,1,0,104.2,363.51,1,0.0,0
104,0,0,1,1,1,2,92.85,93.56,2,6.0,0
105,1,0,5,0,2,3,97.64,409.41,5,2.0,1
106,0,0,14,0,0,0,85.62,1216.3,5,5.0,0
107,1,0,27,1,1,3,37.74,1006.26,4,7.0,0
108,1,0,9,1,1,3,74.5,739.04,1,5.0,0
109,1,0,15,0,1,2,118.47,1848.48,4,9.0,0
110,1,0,42,2,0,3,113.74,4850.25,1,5.0,1
111,0,0,51,0,0,3,24.32,1212.11,2,8.0,1
112,1,0,63,0,1,1,36.48,2397.83,5,8.0,0
113,0,0,52,0,0,3,33.17,1742.54,5,0.0,0
114,0,0,4,2,2,0,92.6,451.71,2,0.0,0
115,0,0,23,0,0,2,101.78,2315.78,4,0.0,1
116,1,0,15,1,0,2,41.35,605.34,4,7.0,0
117,0,0,43,0,0,3,70.59,3048.87,3,9.0,1
118,0,0,29,0,1,3,104.07,3025.63,1,6.0,0
119,0,0,36,0,2,0,93.28,3420.83,4,2.0,1
120,1,0,13,2,1,1,74.22,953.3,2,1.0,0
121,1,0,32,0,2,2,79.03,2587.34,4,3.0,0
122,0,0,71,0,0,1,70.84,5065.97,5,2.0,0
123,0,0,59,0,0,0,49.75,2027.995,1,6.0,0
125,0,0,66,0,2,0,88.89,5842.98,1,7.0,1
126,0,0,42,0,1,3,69.95,4625.47,5,5.0,0
127,0,0,45,0,1,0,83.63,3630.09,5,2.0,1
130,0,0,6,1,2,2,66.16,385.65,2,6.0,0
131,1,0,28,0,0,2,20.93,581.85,3,9.0,1
132,0,0,28,0,0,1,44.67,1326.08,5,6.0,1
133,1,0,44,2,1,3,92.65,4041.82,5,3.0,0
134,1,0,30,0,0,2,119.18,3640.83,4,7.0,0
135,1,0,62,0,1,0,29.92,1795.96,3,3.0,1
137,0,0,1,2,1,2,100.01,76.29,3,3.0,0
139,0,0,62,1,1,0,75.51,4664.71,3,6.0,1
140,0,0,3,2,1,2,93.31,344.04,5,9.0,0
141,0,0,70,0,0,1,81.6,5766.29,5,2.0,0
142,0,0,72,0,1,1,38.8,2815.95,2,9.0,0
143,0,0,27,2,1,2,55.54,1441.94,1,4.0,0
144,1,0,9,2,1,0,98.38,849.66,4,2.0,1
146,0,0,37,1,0,1,20.52,646.94,1,2.0,0
147,1,0,51,0,0,1,96.1,4964.12,1,9.0,1
148,0,0,44,2,1,3,23.53,1018.98,2,6.0,0
150,0,0,59,2,2,2,40.25,2449.44,3,8.0,0
151,0,0,32,2,1,2,115.81,3682.04,4,8.0,1
152,1,0,52,1,1,3,56.79,2911.27,2,4.0,1
153,1,0,62,2,1,3,52.69,3255.74,5,8.0,0
155,1,0,52,0,1,3,50.56,2646.36,3,5.0,0
156,0,0,12,1,1,1,107.67,1273.3,5,4.0,1
157,0,0,39,0,2,0,119.63,4640.34,2,2.0,1
158,0,0,2,0,2,0,56.83,83.97,4,7.0,1
159,0,0,3,0,0,0,64.86,189.27,1,3.0,1
160,0,0,56,0,0,2,92.21,5167.77,3,9.0,1
161,0,0,59,2,1,3,108.62,6382.56,5,2.0,0
162,1,0,2,2,1,0,79.3,140.67,5,5.0,1
163,1,0,2,0,0,1,59.15,114.23,1,7.0,1
164,1,0,54,0,0,1,61.26,3299.04,4,8.0,0
165,0,0,1,0,0,1,89.56,91.12,2,5.0,1
166,1,0,19,2,1,3,20.32,352.28,4,4.0,0
167,0,0,2,0,2,0,81.96,214.15,4,1.0,1
168,1,0,53,1,1,1,55.55,2948.95,4,1.0,0
169,0,0,44,2,1,3,99.42,4349.28,1,8.0,0
170,0,0,32,0,0,1,29.3,954.79,1,1.0,0
172,0,0,32,2,1,0,68.1,2092.42,4,2.0,0
173,0,0,68,2,1,0,84.23,5744.86,1,2.0,1
174,1,0,55,0,0,0,26.49,1405.72,2,3.0,1
175,0,0,56,0,1,0,78.0,2027.995,2,5.0,0
176,1,0,17,2,2,1,76.15,1282.44,4,8.0,0
177,0,0,38,0,2,0,76.07,2929.51,3,1.0,0
178,0,0,24,1,0,1,80.35,1896.86,4,3.0,0
180,1,0,70,0,0,1,100.5,7095.44,2,1.0,0
181,0,0,11,0,1,0,46.98,503.35,1,9.0,0
182,1,0,16,1,2,1,102.5,1610.54,5,0.0,0
183,0,0,59,0,0,0,69.83,4152.46,2,9.0,0
185,1,0,3,0,2,1,25.86,50.13,2,8.0,1
186,1,0,20,1,1,3,53.42,969.2,4,6.0,0
187,0,0,59,1,2,1,98.49,5780.39,3,7.0,0
188,0,0,36,0,0,1,90.77,3301.52,2,3.0,0
189,1,0,19,0,1,1,98.86,1839.62,1,3.0,1
191,0,0,19,0,0,0,64.02,1183.5,5,7.0,0
192,0,0,20,1,1,3,34.75,598.3,4,1.0,0
194,1,0,52,0,0,1,63.4,3330.56,4,3.0,0
195,0,0,33,1,2,3,28.86,833.87,5,0.0,0
196,1,0,40,0,0,3,42.06,1695.06,1,3.0,1
197,0,0,39,2,1,3,79.82,3053.78,2,2.0,0
199,1,0,11,2,1,2,119.83,1353.9,5,6.0,0
200,1,0,57,0,0,1,113.31,6450.15,3,7.0,0
201,0,0,50,0,1,3,84.26,4204.34,4,1.0,0
202,0,0,23,0,0,2,62.12,1388.55,3,5.0,0
203,0,0,31,0,1,2,83.62,2524.87,5,5.0,1
204,1,0,42,0,1,1,98.57,4224.64,2,9.0,1
205,1,0,7,0,0,0,31.83,179.58,2,4.0,1
206,0,0,16,1,0,0,60.99,1054.24,3,9.0,1
207,0,0,60,0,2,0,103.98,6195.84,1,9.0,0
208,1,0,2,1,2,3,58.38,143.03,3,6.0,0
209,0,0,1,0,0,1,77.19,20.3,4,2.0,0
210,1,0,48,2,0,0,78.78,3807.46,2,3.0,0
211,1,0,12,0,0,3,38.45,445.09,2,9.0,0
212,0,0,69,0,0,1,56.22,3863.8,2,8.0,0
213,0,0,37,0,2,3,53.45,2008.19,1,3.0,0
214,1,0,32,0,1,0,22.62,700.37,1,2.0,1
215,0,0,9,0,1,0,22.42,130.37,5,1.0,1
216,1,0,19,0,2,2,103.17,1998.29,3,4.0,1
218,1,0,3,2,1,1,71.81,241.25,4,7.0,0
220,0,0,24,2,0,3,114.07,2718.86,1,5.0,0
222,1,0,33,2,0,0,62.97,2101.96,4,2.0,0
223,1,0,24,0,0,1,107.27,2539.76,1,9.0,1
225,1,0,36,0,0,0,38.61,1332.88,2,8.0,0
226,0,0,38,1,1,3,100.26,3791.21,3,4.0,1
227,0,0,25,0,1,0,65.82,1635.15,4,2.0,0
228,0,0,18,0,0,2,68.3,1259.61,2,1.0,0
229,1,0,66,0,0,3,33.35,2256.74,5,7.0,1
230,1,0,54,0,1,2,28.06,1567.89,4,5.0,1
231,0,0,35,1,0,1,92.79,3258.97,3,9.0,0
232,1,0,61,0,1,1,69.65,4234.4,3,6.0,0
234,1,0,33,1,0,3,92.95,3001.67,1,0.0,1
235,1,0,68,0,1,2,96.55,6653.82,4,9.0,1
236,1,0,33,0,1,0,35.89,1092.59,2,1.0,0
238,1,0,21,0,0,2,33.54,761.47,3,2.0,1
240,0,0,20,0,0,2,85.7,1760.31,2,4.0,0
241,0,0,8,1,1,0,115.66,952.43,4,2.0,0
242,1,0,7,1,1,2,26.9,261.75,5,0.0,0
243,0,0,67,0,0,0,25.71,1737.04,1,7.0,1
244,0,0,17,0,0,3,48.22,852.89,4,5.0,1
245,1,0,33,0,1,3,46.17,1487.42,5,8.0,1
246,1,0,48,2,1,0,44.7,2174.81,3,2.0,1
247,0,0,59,0,1,2,110.63,6507.1,3,8.0,0
248,0,0,22,2,2,0,44.95,966.35,2,8.0,0
249,0,0,30,0,1,1,47.19,1460.59,5,0.0,1
250,0,0,38,1,0,1,95.94,3690.79,3,2.0,0
251,0,0,51,0,2,2,64.97,3398.1,3,5.0,0
252,1,0,54,1,1,0,97.67,5355.4,2,7.0,0
254,0,0,27,1,1,3,68.76,1770.42,3,4.0,0
255,0,0,27,0,1,2,23.36,722.14,1,8.0,0
256,0,0,21,0,1,1,26.27,597.47,1,5.0,0
257,0,0,30,0,0,1,110.64,3281.02,4,6.0,1
258,0,0,28,2,2,2,69.95,986.33,5,6.0,0
259,1,0,64,1,0,1,73.24,4635.63,2,3.0,0
260,1,0,69,0,0,2,61.11,4247.49,1,3.0,0
261,1,0,61,1,2,1,54.73,3272.98,1,3.0,0
262,0,0,48,1,0,1,109.98,5238.79,4,4.0,0
263,0,0,19,2,2,2,22.18,456.96,5,4.0,0
264,1,0,4,2,1,2,86.38,399.16,5,7.0,0
265,0,0,35,1,0,1,116.34,4088.15,4,8.0,0
266,0,0,64,0,1,1,76.02,4850.77,1,1.0,0
267,0,0,49,1,1,3,113.68,5464.69,2,6.0,1
269,1,0,44,2,2,2,61.88,2749.36,5,0.0,0
271,0,0,46,0,0,0,93.08,4280.65,2,9.0,1
272,1,0,6,0,0,3,69.95,699.5,3,6.0,1
274,1,0,24,2,1,1,85.42,2053.81,4,1.0,0
275,0,0,46,0,0,3,39.81,1817.61,3,0.0,0
277,1,0,60,1,2,0,66.39,3873.27,4,1.0,0
278,0,0,63,1,1,0,117.2,7356.34,4,6.0,0
280,0,0,33,2,1,3,54.95,1824.33,5,5.0,0
281,0,0,67,0,1,3,31.41,2108.3,3,9.0,0
282,1,0,18,1,2,1,35.12,713.35,2,1.0,0
283,1,0,25,0,2,1,69.95,1160.85,5,9.0,0
284,1,0,54,0,1,1,45.1,2396.57,1,9.0,1
285,0,0,58,2,1,1,105.06,6093.6,4,8.0,1
286,1,0,67,0,2,1,76.12,5110.01,2,6.0,1
287,1,0,46,0,0,0,72.34,3287.71,3,0.0,0
289,0,0,32,0,2,3,106.01,3380.47,5,1.0,0
290,0,0,47,0,0,2,92.28,4283.85,2,3.0,0
291,0,0,23,0,0,0,26.77,601.66,1,8.0,1
292,1,0,66,0,0,3,90.78,5941.83,3,5.0,0
294,0,0,2,0,0,0,28.17,151.42,4,0.0,0
295,1,0,17,2,0,1,65.83,1131.35,3,6.0,0
296,1,0,33,0,2,0,68.47,2265.06,5,5.0,0
297,0,0,9,0,1,1,36.58,336.82,2,9.0,0
298,0,0,43,0,1,1,114.57,4985.61,5,3.0,1
299,0,0,48,0,0,1,105.0,5097.92,5,5.0,0
300,1,0,39,1,1,2,86.9,3383.4,5,5.0,0
301,1,0,42,1,1,0,66.23,2794.27,1,3.0,0
302,1,0,26,0,1,1,61.18,1623.22,5,5.0,1
303,0,0,50,0,0,3,85.1,4197.98,4,9.0,1
305,1,0,24,1,1,3,26.23,716.2,3,2.0,0
306,0,0,13,1,1,2,71.25,984.51,5,3.0,1
308,1,0,7,0,1,0,65.92,362.97,2,0.0,1
309,0,0,57,1,1,2,25.2,1471.59,1,3.0,1
310,1,0,36,2,1,2,98.63,3512.59,3,9.0,1
312,1,0,20,0,1,3,45.86,994.0,2,8.0,0
313,0,0,65,0,2,1,36.47,2337.74,1,7.0,1
314,1,0,8,0,1,0,53.02,405.29,3,3.0,1
315,0,0,16,1,0,0,95.68,1544.64,3,6.0,1
316,0,0,14,2,0,1,71.94,942.26,5,9.0,0
317,0,0,15,0,1,3,40.49,569.43,3,2.0,1
318,0,0,66,0,2,1,107.78,7114.92,2,8.0,1
319,0,0,32,0,1,1,107.96,3439.64,3,9.0,1
320,1,0,63,0,1,3,107.06,6775.06,4,3.0,1
322,1,0,25,1,1,1,65.12,1633.06,1,9.0,1
323,0,0,58,0,1,1,118.5,6830.85,1,4.0,0
324,1,0,63,0,2,0,97.2,6194.59,5,1.0,0
325,0,0,62,1,0,3,22.72,1329.0,5,9.0,0
326,0,0,22,0,1,2,26.52,514.0,4,5.0,0
327,1,0,58,0,1,3,66.39,3821.05,1,9.0,0
329,0,0,49,2,1,1,73.87,3588.69,1,5.0,0
330,0,0,52,1,0,1,69.78,3627.05,1,3.0,1
331,1,0,42,0,0,1,30.55,1296.73,3,2.0,0
333,0,0,15,0,1,3,102.21,1537.71,2,6.0,0
334,0,0,54,1,0,2,58.04,3106.17,4,8.0,0
335,1,0,60,1,1,2,97.56,5904.4,3,2.0,0
336,0,0,8,2,1,1,116.45,890.7,1,5.0,0
338,1,0,60,2,0,1,72.33,4400.28,5,1.0,0
339,1,0,5,2,1,1,48.71,300.66,5,6.0,0
340,0,0,68,2,0,1,99.29,6711.8,4,4.0,0
341,0,0,6,1,0,2,77.76,446.6,1,4.0,0
342,1,0,47,0,0,1,83.46,3876.69,4,6.0,0
343,0,0,55,0,2,2,99.79,5504.86,3,8.0,1
344,1,0,40,0,0,3,59.6,2470.48,2,3.0,0
346,1,0,16,1,1,0,73.3,1224.63,3,9.0,0
347,0,0,13,1,2,0,35.8,506.33,1,8.0,1
348,0,0,30,2,1,0,89.59,2687.69,5,3.0,0
350,1,0,17,0,2,0,51.68,915.75,5,1.0,1
351,1,0,63,1,1,2,105.72,2027.995,2,8.0,0
352,1,0,19,0,1,3,110.61,2078.69,5,1.0,1
353,0,0,58,0,0,2,47.69,2679.14,1,5.0,1
354,0,0,55,2,0,1,118.35,6561.63,5,4.0,0
355,1,0,62,1,1,3,34.07,2129.9,1,4.0,0
356,1,0,23,0,1,3,40.2,909.83,2,3.0,0
357,0,0,9,2,1,3,38.42,333.79,5,5.0,0
358,0,0,12,1,1,3,109.4,1440.52,4,4.0,0
359,0,0,1,1,0,0,85.43,53.32,4,3.0,1
360,0,0,58,2,1,1,35.21,1999.54,4,8.0,1
361,1,0,1,0,0,3,64.03,68.3,5,5.0,0
362,1,0,34,1,2,3,81.53,2831.04,5,9.0,0
363,0,0,48,0,2,0,28.35,1474.55,5,9.0,0
364,0,0,1,0,2,2,108.24,141.11,1,9.0,1
365,0,0,16,2,0,2,100.36,1542.25,2,2.0,0
366,1,0,61,0,1,2,70.52,4400.3,4,9.0,1
368,0,0,63,2,2,2,61.78,3850.01,4,0.0,0
370,0,0,22,2,1,0,86.79,1951.24,5,9.0,0
371,0,0,67,0,1,0,83.47,5604.24,4,5.0,1
373,0,0,16,0,0,0,108.19,1795.41,4,8.0,1
375,1,0,57,0,1,2,36.22,2133.04,1,1.0,0
376,1,0,29,1,1,3,21.26,590.6,3,3.0,0
377,0,0,69,1,1,1,75.98,5350.51,1,7.0,0
378,0,0,47,2,1,3,72.74,3448.72,2,7.0,1
379,0,0,62,1,2,3,91.94,5653.98,4,2.0,0
381,0,0,16,0,1,3,27.94,487.5,2,2.0,0
382,1,0,48,0,1,1,93.15,4452.47,1,9.0,1
383,0,0,39,0,1,2,38.74,1503.13,3,1.0,1
386,1,0,10,1,1,0,74.08,801.98,5,4.0,0
387,1,0,69,1,1,3,91.02,6221.93,2,2.0,1
388,1,0,34,0,0,3,51.44,1820.09,5,1.0,1
389,0,0,52,0,0,0,67.12,3461.12,3,8.0,1
390,1,0,10,0,0,2,102.16,908.82,1,0.0,1
391,0,0,19,0,2,1,65.93,1193.68,3,8.0,0
392,0,0,58,1,0,3,69.95,3246.13,3,0.0,1
393,1,0,1,1,0,0,69.42,20.48,1,6.0,1
395,0,0,4,2,1,3,53.52,231.0,4,6.0,0
396,0,0,16,1,0,2,37.38,588.95,4,2.0,0
397,0,0,24,2,1,2,91.2,2027.995,4,2.0,0
398,0,0,2,0,0,3,102.6,142.66,5,0.0,1
399,1,0,32,1,1,0,30.06,963.14,3,3.0,1
400,1,0,24,0,2,3,43.99,952.45,1,1.0,0
401,1,0,12,0,2,1,34.2,376.07,1,9.0,0
402,0,0,50,0,1,1,54.79,2693.32,5,7.0,0
403,0,0,35,1,1,2,65.04,2264.26,1,2.0,0
404,0,0,33,0,1,1,94.88,3120.46,4,6.0,1
405,1,0,33,0,0,0,85.11,2856.78,3,6.0,0
406,0,0,61,2,1,1,82.09,5086.84,1,8.0,1
407,0,0,51,2,0,3,55.24,2761.22,1,5.0,0
408,1,0,43,1,1,0,104.14,4577.87,2,0.0,0
409,1,0,12,1,0,2,67.13,766.58,2,7.0,0
411,1,0,65,1,1,1,83.41,5447.47,3,2.0,0
412,0,0,33,0,1,2,32.63,1198.9,4,4.0,0
413,1,0,40,2,1,3,87.62,3477.6,4,7.0,0
414,0,0,43,1,1,0,52.51,2168.11,4,8.0,0
416,1,0,29,0,1,3,26.96,740.29,3,8.0,0
417,1,0,13,0,0,3,37.49,469.27,2,2.0,0
418,1,0,12,2,1,3,105.57,1211.0,1,4.0,1
419,0,0,46,0,2,0,42.72,1947.09,5,9.0,1
420,0,0,2,2,2,0,103.7,165.39,5,7.0,0
421,1,0,35,2,1,3,47.93,1711.29,1,0.0,0
422,0,0,8,1,0,3,84.29,2027.995,2,7.0,0
423,1,0,26,1,0,2,89.42,2290.74,1,6.0,1
425,0,0,7,0,2,0,50.53,366.47,5,9.0,0
426,0,0,68,0,1,2,41.26,2713.68,2,9.0,1
427,0,0,58,1,2,0,23.32,1398.48,3,5.0,0
428,0,0,29,0,1,0,50.39,1470.69,5,0.0,1
429,0,0,36,0,0,1,85.32,3140.92,3,1.0,1
430,0,0,21,0,0,0,113.83,2396.64,2,4.0,0
431,0,0,36,2,0,2,107.12,3816.75,1,1.0,0
432,1,0,10,0,1,1,96.61,955.85,4,9.0,1
433,0,0,24,2,0,2,98.84,2412.47,4,0.0,0
434,1,0,64,0,1,0,86.5,5497.37,2,5.0,1
435,0,0,49,0,1,0,46.03,2233.39,4,7.0,1
436,0,0,36,0,0,3,110.72,3974.82,3,7.0,0
437,1,0,24,0,0,0,87.07,2032.29,4,7.0,0
438,1,0,23,1,0,1,76.04,1711.2,2,5.0,0
439,1,0,62,0,1,0,31.1,1936.76,2,2.0,1
440,1,0,37,1,1,3,64.71,2454.23,3,0.0,0
442,0,0,55,1,2,0,106.46,5852.81,4,4.0,1
444,1,0,23,0,1,3,58.04,1389.68,5,4.0,1
445,0,0,30,1,1,2,117.68,3552.08,2,9.0,0
446,0,0,17,2,1,0,31.07,492.89,1,0.0,0
447,1,0,62,2,1,1,62.25,3904.73,2,0.0,0
448,0,0,13,2,1,3,24.2,342.61,1,8.0,1
449,0,0,59,0,0,1,93.99,5504.76,5,1.0,1
451,1,0,49,1,1,3,48.0,2327.54,2,9.0,0
452,1,0,12,0,1,0,105.83,1401.69,4,3.0,0
453,1,0,61,2,2,1,49.22,3029.12,2,6.0,0
454,0,0,19,1,2,3,111.08,2119.8,3,7.0,1
455,1,0,9,0,0,2,95.4,882.2,3,4.0,0
456,0,0,71,0,0,2,100.49,7203.8,3,0.0,1
457,0,0,28,2,0,2,21.8,606.25,3,3.0,0
458,0,0,52,0,1,0,116.28,6017.12,5,9.0,0
459,0,0,16,0,0,3,92.67,1524.89,4,2.0,0
460,1,0,69,0,0,1,50.48,3474.04,4,9.0,0
461,0,0,12,0,0,1,102.94,1181.78,2,4.0,0
464,1,0,53,1,0,1,31.26,1663.26,2,5.0,0
465,0,0,23,2,1,3,90.37,2049.0,2,1.0,0
466,0,0,16,0,0,0,74.07,1173.4,2,6.0,0
467,1,0,57,0,0,3,29.65,1730.62,4,2.0,0
468,1,0,39,1,1,1,44.19,1708.72,1,5.0,0
470,1,0,42,0,0,2,66.88,2825.12,4,2.0,0
471,0,0,58,1,0,1,50.13,2967.76,2,8.0,0
472,0,0,39,2,1,2,79.84,3170.67,3,9.0,1
475,0,0,35,1,0,3,94.32,3311.82,5,3.0,0
476,1,0,18,1,0,1,24.81,508.71,3,7.0,0
477,1,0,9,2,1,1,110.29,1021.29,1,4.0,1
478,0,0,58,0,2,2,105.23,6027.05,2,6.0,1
479,1,0,17,0,1,3,86.78,1562.6,1,8.0,1
480,0,0,7,1,1,1,79.32,557.84,3,4.0,1
481,0,0,46,1,1,0,109.23,5053.43,2,4.0,1
482,1,0,13,0,1,2,38.53,433.73,5,3.0,0
483,0,0,40,0,1,1,27.9,1141.14,4,5.0,1
484,1,0,42,0,0,3,43.95,1901.09,5,1.0,0
485,0,0,9,1,1,3,99.46,991.89,5,2.0,1
486,1,0,50,2,2,3,23.47,1243.37,4,0.0,0
487,0,0,27,2,0,3,78.28,2141.29,4,1.0,0
490,0,0,29,0,1,2,72.14,2062.57,1,7.0,1
491,0,0,37,0,0,2,26.36,987.22,1,1.0,0
492,1,0,38,0,1,3,103.14,3858.4,4,5.0,0
493,1,0,8,1,1,0,79.9,628.67,5,4.0,1
495,0,0,17,1,0,0,29.39,472.15,4,4.0,0
498,1,0,4,2,1,3,102.93,426.02,2,2.0,0
499,0,0,36,1,1,2,69.95,3759.4,2,2.0,1
500,1,0,70,0,2,3,77.18,5283.58,1,3.0,1
501,0,0,31,0,1,1,71.74,2207.15,1,6.0,1
502,0,0,19,1,1,0,63.04,1187.92,3,1.0,0
503,1,0,61,0,0,0,51.69,3162.83,3,9.0,1
504,0,0,54,0,0,0,63.46,3390.43,3,3.0,0
505,0,0,39,1,1,3,97.39,3798.6,3,3.0,0
506,0,0,19,2,1,1,80.19,1529.98,5,0.0,0
507,0,0,39,0,1,3,109.25,4224.11,5,9.0,1
509,1,0,45,2,0,3,80.71,3640.75,2,0.0,0
510,1,0,13,0,2,0,83.13,1108.05,2,7.0,0
511,1,0,58,1,2,2,79.17,4595.29,4,6.0,0
513,1,0,72,0,0,2,43.74,3179.34,3,7.0,0
516,0,0,1,0,1,0,58.45,-23.43,2,9.0,1
517,0,0,3,2,1,1,68.77,212.28,3,2.0,0
518,1,0,62,1,0,0,85.22,5299.75,2,9.0,0
519,0,0,63,2,0,3,69.95,7254.9,4,6.0,0
520,1,0,25,0,0,3,80.07,1984.94,2,3.0,0
521,1,0,56,2,2,1,94.36,5233.51,2,4.0,0
522,0,0,33,0,1,1,70.63,2291.21,2,8.0,1
523,1,0,38,0,1,1,83.41,3174.7,3,6.0,1
525,1,0,58,1,2,1,45.44,2723.98,5,5.0,0
526,0,0,44,1,1,1,56.19,2340.11,2,9.0,0
527,0,0,45,0,0,1,67.25,3010.05,2,6.0,0
528,0,0,32,0,2,0,24.56,791.6,2,9.0,1
529,1,0,45,1,0,3,34.0,1555.48,1,8.0,0
530,1,0,61,0,0,3,47.68,2862.77,4,3.0,0
531,0,0,47,1,0,1,117.15,5562.92,3,9.0,0
532,0,0,21,0,2,3,53.13,1046.14,1,2.0,1
533,1,0,36,2,2,0,68.2,2427.04,2,7.0,0
534,0,0,19,1,0,3,39.61,783.62,1,0.0,0
535,0,0,20,1,1,2,81.08,1673.57,1,8.0,1
536,1,0,57,2,1,0,48.07,2669.69,1,0.0,0
537,1,0,18,1,1,3,40.7,864.84,4,1.0,0
538,0,0,47,0,0,3,71.66,3323.02,5,7.0,0
539,0,0,49,0,1,0,20.55,941.37,3,8.0,0
540,0,0,14,1,1,3,20.77,315.87,4,6.0,0
541,0,0,15,0,0,3,41.91,611.19,4,2.0,0
542,1,0,31,1,0,1,23.67,709.03,5,6.0,0
543,0,0,1,0,1,2,30.8,60.58,4,5.0,0
544,0,0,54,0,0,0,53.89,2833.48,1,1.0,0
546,1,0,16,2,0,3,77.2,1205.41,2,9.0,0
547,1,0,57,1,2,0,71.27,4116.1,4,9.0,0
549,1,0,16,2,0,2,113.18,1890.76,3,9.0,1
550,1,0,72,0,0,2,59.7,4358.56,1,3.0,0
552,0,0,28,1,1,2,81.71,2304.77,5,3.0,0
553,0,0,8,2,0,2,31.38,265.17,1,7.0,0
554,1,0,36,0,0,3,54.52,1970.79,3,4.0,1
555,0,0,8,2,1,2,70.74,547.62,5,4.0,0
556,0,0,58,0,1,2,107.42,6217.98,3,9.0,1
557,1,0,60,0,1,1,69.35,4107.78,5,2.0,0
558,1,0,50,1,0,3,90.23,4400.79,5,7.0,0
559,1,0,28,0,1,3,119.28,3395.09,1,5.0,0
560,1,0,41,0,1,0,33.15,1366.97,2,1.0,1
561,1,0,64,0,2,2,47.47,3038.59,5,1.0,0
562,0,0,27,0,1,1,59.46,1625.28,5,8.0,0
563,0,0,63,1,0,1,62.18,3876.1,1,6.0,0
565,1,0,33,2,1,2,110.76,3640.93,4,8.0,0
566,0,0,29,1,1,1,91.4,2719.1,4,5.0,0
568,0,0,46,0,1,2,50.94,2211.76,3,0.0,0
569,1,0,35,0,1,2,102.38,3557.2,1,5.0,0
570,1,0,6,0,1,2,115.51,750.17,2,5.0,1
571,0,0,69,0,1,1,102.12,6959.64,4,2.0,1
573,0,0,25,2,0,3,83.64,2104.18,4,2.0,0
574,1,0,66,0,1,0,25.11,1785.99,5,2.0,1
575,1,0,10,1,0,1,45.76,389.7,1,6.0,1
578,1,0,5,1,0,0,88.66,503.53,5,9.0,0
579,0,0,33,0,0,3,31.45,1006.6,3,9.0,0
580,1,0,65,0,1,2,58.38,3713.88,2,5.0,0
582,0,0,49,1,1,1,56.91,2819.1,2,9.0,0
583,1,0,11,2,1,1,32.1,442.06,3,6.0,0
584,1,0,26,2,2,1,61.89,1642.11,1,2.0,0
585,1,0,63,2,0,0,95.12,6033.83,4,6.0,0
586,0,0,59,0,1,2,27.1,1585.84,3,8.0,1
587,0,0,27,0,0,3,28.02,878.56,1,9.0,0
589,0,0,33,0,2,0,114.17,3737.1,2,6.0,1
590,1,0,1,0,1,3,86.86,177.33,1,8.0,1
591,1,0,21,1,1,3,69.95,1771.5,2,7.0,0
592,1,0,55,1,1,1,56.19,2998.19,5,7.0,0
594,1,0,69,2,0,3,21.01,1449.82,4,4.0,0
595,0,0,5,0,1,3,83.61,406.65,3,4.0,1
596,0,0,3,0,1,3,111.33,383.68,1,2.0,1
599,1,0,53,0,1,2,92.4,4879.05,2,5.0,1
600,0,0,37,0,0,2,32.06,1141.51,1,3.0,0
601,0,0,17,1,0,0,110.25,1871.08,4,7.0,0
602,1,0,1,0,1,2,26.64,69.27,1,6.0,0
603,0,0,51,0,0,2,73.4,3849.26,3,5.0,0
605,0,0,4,0,1,2,21.17,-40.86,2,4.0,0
607,1,0,65,0,0,0,49.5,3220.25,4,1.0,0
608,1,0,32,2,1,2,68.6,2242.01,5,3.0,0
609,1,0,34,2,2,3,77.72,2651.72,1,7.0,0
610,1,0,72,0,0,0,24.37,1817.58,1,7.0,1
611,1,0,39,0,0,1,32.3,1279.3,3,0.0,0
612,0,0,26,0,2,2,75.86,2050.41,4,1.0,0
613,1,0,34,0,0,1,54.32,1824.83,5,4.0,0
614,0,0,54,0,0,2,92.92,5024.75,2,8.0,1
615,1,0,3,1,0,3,85.23,297.02,1,9.0,1
616,0,0,50,0,0,0,104.56,5199.41,5,6.0,0
617,1,0,12,0,0,1,89.25,1031.49,2,9.0,1
618,1,0,65,0,1,0,62.99,4063.08,4,4.0,0
619,0,0,54,0,1,1,87.3,4676.56,4,0.0,0
620,1,0,5,0,0,2,47.54,263.82,5,5.0,1
622,1,0,17,1,1,1,98.9,1603.48,4,6.0,0
623,1,0,47,1,2,1,64.64,3131.31,5,1.0,0
624,0,0,23,0,2,3,99.84,2260.02,4,4.0,1
625,1,0,14,1,1,3,102.24,1441.39,4,3.0,0
626,0,0,66,0,2,3,105.76,6905.45,4,8.0,1
627,1,0,51,0,1,3,111.66,5699.55,3,9.0,0
628,1,0,38,1,2,3,63.1,2361.79,2,0.0,0
629,1,0,64,0,0,0,51.89,3242.59,5,5.0,0
630,1,0,38,1,0,2,78.22,3039.2,5,2.0,0
632,1,0,30,2,1,1,69.95,2397.85,2,4.0,0
633,1,0,51,2,1,3,90.56,4668.46,2,5.0,0
635,0,0,52,2,0,0,57.46,3025.38,1,8.0,0
636,0,0,38,1,1,1,36.69,1418.05,5,7.0,0
638,0,0,51,0,0,2,34.26,1779.71,4,3.0,0
639,1,0,5,2,1,3,109.01,526.85,4,5.0,0
640,1,0,29,0,0,0,54.59,1569.21,5,4.0,0
641,0,0,4,2,1,3,35.45,164.33,4,4.0,1
642,1,0,10,0,1,2,22.54,201.75,2,3.0,0
643,1,0,56,1,0,2,84.58,4718.32,1,1.0,0
644,0,0,17,0,1,1,83.69,1422.74,2,5.0,1
645,1,0,17,0,1,0,54.06,976.56,4,8.0,0
646,0,0,69,0,0,3,27.17,1818.18,1,0.0,0
648,0,0,6,0,2,1,51.12,2027.995,5,5.0,0
649,0,0,53,0,1,1,87.71,4688.03,2,2.0,1
650,0,0,66,1,0,1,80.58,5277.81,4,0.0,1
651,0,0,43,2,0,0,56.46,2343.12,1,3.0,0
652,1,0,23,1,1,3,41.79,989.14,5,8.0,0
653,1,0,55,0,1,1,118.8,6543.57,1,1.0,0
655,0,0,8,0,1,3,88.83,675.59,1,1.0,1
656,0,0,4,2,1,2,34.06,174.23,4,1.0,1
657,0,0,4,2,1,1,68.56,326.96,5,9.0,0
658,1,0,56,0,0,0,22.75,1269.44,3,7.0,0
659,1,0,25,0,1,3,70.55,1784.48,1,2.0,0
662,0,0,27,2,1,1,23.9,671.84,5,2.0,0
663,0,0,32,2,1,3,23.1,820.18,3,1.0,0
665,1,0,61,0,1,2,36.0,2123.11,2,2.0,1
666,0,0,51,0,2,3,22.34,1104.73,3,6.0,0
668,0,0,21,0,1,1,65.85,1447.41,3,5.0,1
669,0,0,5,0,0,3,48.92,282.83,1,8.0,0
670,1,0,42,0,0,1,110.01,4595.28,1,2.0,1
671,0,0,61,0,1,2,31.61,1857.54,2,5.0,1
672,0,0,22,0,1,1,115.59,2501.36,5,5.0,0
673,0,0,21,0,1,2,51.4,1047.42,5,7.0,0
675,0,0,1,2,1,1,69.95,2027.995,2,2.0,0
676,1,0,5,2,2,2,102.67,580.43,5,3.0,0
677,0,0,12,0,0,1,118.4,1386.18,1,2.0,1
678,0,0,46,0,1,0,48.84,2171.26,3,8.0,0
679,0,0,34,0,1,1,116.11,3890.01,4,3.0,0
680,0,0,49,1,0,3,58.95,2887.31,1,5.0,0
681,0,0,45,0,0,1,58.55,2598.37,2,7.0,0
682,0,0,27,0,1,0,54.04,1444.44,5,7.0,1
683,0,0,26,2,0,3,74.14,1904.96,1,4.0,0
684,0,0,47,0,0,0,35.41,1713.99,4,4.0,1
685,0,0,56,0,0,3,75.37,4191.44,4,5.0,1
686,1,0,63,0,0,1,74.17,4653.87,2,9.0,1
687,1,0,48,0,1,0,96.19,4652.99,1,6.0,1
688,1,0,61,0,1,1,103.36,6277.02,3,9.0,1
689,1,0,26,2,0,3,64.04,1686.31,1,6.0,0
690,0,0,36,0,1,0,50.23,1824.97,4,3.0,0
693,1,0,52,0,1,1,25.76,1401.26,3,4.0,1
694,1,0,47,0,1,2,54.24,2660.54,2,4.0,0
695,1,0,56,0,1,2,47.02,2633.83,2,1.0,0
696,0,0,14,0,1,3,116.64,1580.67,2,6.0,1
697,1,0,28,0,1,2,75.77,2123.04,2,5.0,1
699,0,0,26,0,1,3,78.05,1998.46,4,3.0,0
700,0,0,14,0,2,0,33.92,468.43,1,2.0,0
701,1,0,59,0,1,1,64.4,2027.995,5,2.0,1
702,1,0,56,0,1,0,82.62,4687.06,2,6.0,1
703,0,0,7,0,0,2,69.95,521.0,5,9.0,1
704,1,0,3,0,2,1,60.18,221.38,5,3.0,1
705,1,0,23,0,0,0,119.38,2724.54,4,7.0,1
706,0,0,18,0,0,1,108.03,1964.66,2,8.0,1
708,1,0,15,0,2,0,76.94,1196.34,2,4.0,0
710,1,0,28,1,2,1,40.13,1151.34,3,9.0,0
711,1,0,39,2,1,0,59.51,2302.67,3,5.0,0
712,0,0,57,1,1,0,23.95,1354.73,5,9.0,1
713,0,0,17,0,2,2,67.55,1238.75,3,3.0,0
714,1,0,44,1,2,3,74.3,3251.77,4,7.0,1
716,1,0,17,0,0,0,116.4,1995.79,5,4.0,0
717,0,0,13,2,1,0,110.95,1425.58,2,0.0,0
718,1,0,25,0,2,0,92.21,2238.13,1,5.0,1
719,0,0,68,2,2,1,73.34,4997.61,2,4.0,0
720,1,0,10,1,2,2,107.0,1074.52,2,7.0,0
721,1,0,67,1,2,3,33.07,2305.7,2,8.0,0
722,0,0,18,1,2,1,99.05,1739.91,2,7.0,1
723,1,0,34,0,1,2,32.48,1219.13,1,7.0,1
724,1,0,8,0,1,1,99.42,814.31,3,2.0,1
725,1,0,40,2,0,1,47.58,1921.96,2,3.0,0
726,1,0,42,1,1,0,107.71,4494.13,4,3.0,0
728,0,0,6,2,2,0,34.88,232.93,5,8.0,0
729,1,0,52,2,1,0,66.27,3492.78,4,8.0,1
730,1,0,26,1,0,2,118.1,3021.65,2,9.0,1
731,1,0,64,0,0,0,68.34,4444.15,1,0.0,1
732,0,0,59,0,1,0,106.35,6293.0,3,7.0,1
734,1,0,59,0,0,2,57.53,3383.4,3,1.0,1
735,1,0,70,0,0,2,48.58,3354.08,1,6.0,0
736,0,0,33,0,1,0,40.32,1334.27,5,7.0,1
737,0,0,53,2,0,0,96.18,5106.9,3,0.0,0
738,1,0,22,2,0,2,58.65,1221.12,1,2.0,0
739,0,0,21,1,0,2,71.13,1533.34,3,6.0,0
741,1,0,70,1,1,2,77.73,5404.47,1,7.0,0
742,1,0,4,1,0,1,106.56,375.1,3,7.0,1
744,1,0,62,0,0,3,60.76,3768.22,2,9.0,1
746,0,0,55,1,0,1,96.45,5301.86,4,7.0,0
747,1,0,9,1,0,0,77.35,707.25,5,0.0,1
748,1,0,3,0,0,0,115.6,278.4,1,7.0,0
749,1,0,31,2,0,0,40.05,1178.81,2,6.0,0
750,0,0,40,0,1,2,30.93,1100.94,2,7.0,1
751,0,0,36,0,1,0,105.4,3841.39,1,0.0,1
752,1,0,24,0,1,2,63.91,1534.72,4,5.0,0
756,0,0,6,0,0,0,108.35,660.82,5,6.0,1
757,0,0,51,0,1,0,64.83,3278.34,5,2.0,0
758,1,0,62,1,0,1,71.04,2027.995,2,5.0,0
761,0,0,8,1,0,2,21.91,156.2,2,1.0,0
763,1,0,51,2,0,3,88.77,4503.14,4,7.0,0
764,0,0,45,2,1,0,92.27,4102.41,5,9.0,0
765,1,0,44,0,1,1,89.25,4018.51,1,5.0,0
766,1,0,5,2,0,1,33.44,84.45,1,0.0,0
767,0,0,70,1,0,0,49.94,3481.49,1,5.0,0
768,1,0,26,2,0,2,55.87,1456.88,2,4.0,0
769,0,0,68,1,1,3,100.44,6912.73,4,6.0,0
770,1,0,19,0,0,1,47.88,954.47,3,5.0,0
771,1,0,20,2,1,0,41.07,737.8,2,8.0,0
772,0,0,12,0,2,2,115.74,1388.8,3,7.0,1
773,1,0,47,0,0,2,20.89,982.71,4,3.0,0
774,0,0,1,0,2,3,119.78,108.37,5,4.0,0
775,1,0,14,0,1,3,87.68,1258.54,1,6.0,0
776,1,0,64,0,0,0,102.85,6511.75,3,7.0,1
777,1,0,38,1,1,0,49.46,1859.12,2,4.0,1
778,0,0,37,2,1,2,21.43,816.91,3,8.0,0
779,1,0,11,0,1,2,93.79,1065.64,5,9.0,1
780,1,0,3,2,0,1,103.41,317.71,1,3.0,0
781,0,0,33,2,0,2,94.05,3089.15,3,3.0,0
782,0,0,6,0,1,0,34.29,199.71,5,7.0,0
784,0,0,10,2,1,0,96.89,970.62,4,7.0,1
785,0,0,5,1,0,1,85.85,377.18,2,4.0,1
786,0,0,23,1,1,1,96.61,2160.39,1,0.0,0
788,1,0,44,0,0,0,81.36,3652.64,2,5.0,1
789,0,0,2,0,0,1,28.86,98.09,2,3.0,1
790,1,0,13,1,2,0,68.76,888.59,2,7.0,0
791,1,0,40,0,1,1,27.76,1087.91,1,4.0,0
793,0,0,65,2,2,1,60.71,4000.85,3,6.0,0
794,0,0,63,1,1,0,26.6,1771.08,4,0.0,0
796,1,0,9,0,1,1,31.1,336.82,3,2.0,1
797,0,0,15,1,1,2,100.82,1513.75,4,5.0,1
798,0,0,24,1,2,3,114.77,2743.83,1,5.0,0
799,1,0,38,2,0,3,27.23,1110.01,4,9.0,0
800,0,0,35,1,1,1,115.51,4042.39,1,5.0,0
802,1,0,69,2,0,2,49.96,3459.42,1,0.0,0
803,0,0,62,1,0,3,69.95,1635.26,5,4.0,0
804,0,0,60,0,2,2,70.06,4218.17,4,5.0,1
805,1,0,50,1,1,3,99.45,4944.44,5,7.0,0
806,0,0,9,2,1,1,90.71,745.32,3,0.0,1
807,1,0,34,1,2,3,25.02,824.91,4,4.0,0
808,0,0,35,0,0,3,27.29,928.89,3,2.0,0
810,0,0,40,1,1,2,49.53,1927.97,3,7.0,1
811,1,0,64,0,1,2,43.24,2727.77,4,6.0,0
812,0,0,22,0,1,3,48.1,1069.98,4,9.0,1
813,0,0,60,0,2,0,100.35,5954.61,3,6.0,0
814,0,0,64,1,0,2,112.92,7194.11,4,4.0,0
815,1,0,72,2,0,1,60.51,4273.52,4,8.0,0
816,0,0,11,0,0,1,110.61,1262.72,3,4.0,0
817,1,0,14,0,0,3,52.15,715.03,5,5.0,0
818,0,0,60,0,1,1,67.64,2027.995,4,2.0,1
820,0,0,35,0,2,0,84.05,2905.55,4,4.0,0
821,0,0,37,0,0,0,117.9,4346.63,4,2.0,0
822,0,0,5,0,1,0,80.35,348.93,3,6.0,1
823,0,0,26,1,1,1,55.78,1397.39,5,4.0,0
824,1,0,62,0,0,3,84.78,5210.44,5,4.0,1
827,0,0,18,0,2,0,70.31,1279.98,4,9.0,1
828,0,0,40,0,0,2,64.93,2552.84,1,9.0,1
829,0,0,72,2,1,1,78.59,5674.21,5,7.0,0
830,0,0,39,0,0,2,82.48,3240.91,2,8.0,1
831,1,0,14,1,0,0,27.18,357.1,2,3.0,0
832,0,0,32,0,1,3,88.26,2784.14,5,4.0,0
833,0,0,51,1,2,2,44.19,2258.11,4,4.0,0
835,1,0,23,2,2,2,102.25,2362.85,3,8.0,0
836,1,0,63,0,2,2,100.4,6403.43,3,6.0,1
837,0,0,15,0,0,1,69.95,1132.18,1,4.0,1
839,0,0,17,2,0,1,34.29,538.34,5,0.0,0
840,0,0,66,0,0,0,97.53,6394.67,2,8.0,0
841,0,0,53,2,1,3,47.14,2425.33,4,4.0,0
843,0,0,39,1,1,1,48.43,1777.01,2,9.0,1
844,0,0,51,0,0,0,33.38,1726.93,2,3.0,0
845,0,0,70,1,0,1,82.96,5763.5,5,4.0,0
846,1,0,6,0,0,3,25.43,126.98,2,3.0,0
848,0,0,7,0,0,2,51.76,434.6,1,0.0,0
849,0,0,51,0,1,3,20.01,1021.5,5,7.0,0
850,0,0,72,2,1,0,71.11,5159.65,4,3.0,0
852,1,0,64,1,1,2,47.62,3055.66,1,5.0,0
853,1,0,15,0,0,0,90.7,1300.68,5,7.0,1
854,0,0,29,0,2,1,26.27,750.77,3,7.0,0
855,1,0,33,1,0,1,103.93,3392.7,2,6.0,0
856,1,0,27,2,1,2,20.38,525.14,1,3.0,0
857,0,0,36,0,2,0,44.68,1603.83,3,5.0,0
858,0,0,29,2,2,2,94.09,2721.91,4,3.0,0
860,1,0,57,2,1,3,30.19,1748.65,5,0.0,1
861,1,0,27,0,0,1,56.02,1505.92,4,4.0,0
862,1,0,55,0,0,2,47.04,2607.34,4,9.0,0
863,0,0,33,0,0,3,104.27,3413.48,3,9.0,0
864,0,0,68,0,2,2,51.33,3556.5,5,3.0,0
865,1,0,66,0,2,2,98.89,6498.68,1,6.0,1
866,1,0,10,0,0,2,109.19,1151.73,3,8.0,1
868,0,0,38,0,2,0,110.99,4198.76,3,3.0,0
869,0,0,13,0,1,1,57.73,733.96,1,8.0,0
871,1,0,47,1,1,0,28.93,1402.75,4,8.0,0
872,0,0,52,1,1,3,88.7,4550.03,2,7.0,1
873,1,0,56,0,1,2,69.38,3829.96,4,3.0,1
874,1,0,15,1,1,0,58.76,811.38,1,6.0,0
875,0,0,29,1,1,3,83.27,2480.87,5,4.0,0
876,1,0,8,0,0,2,90.39,737.97,4,9.0,1
877,0,0,5,1,0,3,20.44,47.96,2,3.0,0
878,0,0,29,0,0,3,36.7,1042.01,1,4.0,0
880,1,0,68,0,0,2,86.64,5877.51,3,8.0,1
882,0,0,2,0,1,0,96.1,153.14,1,5.0,0
883,0,0,27,2,1,2,115.08,3055.84,4,3.0,1
884,0,0,36,0,2,1,90.25,2027.995,1,1.0,1
885,0,0,36,2,1,1,49.81,1876.68,3,2.0,0
886,0,0,26,1,2,0,30.54,744.69,2,1.0,0
888,1,0,27,0,0,3,84.41,2254.83,1,5.0,0
889,0,0,69,1,2,3,24.82,1739.17,1,4.0,0
890,1,0,20,1,2,0,56.01,1190.61,1,1.0,0
891,1,0,11,0,2,1,115.68,1265.23,2,4.0,1
893,0,0,6,1,1,0,63.27,419.69,5,3.0,0
894,0,0,72,0,0,3,65.77,4679.94,5,9.0,1
895,0,0,23,2,1,3,40.89,997.78,1,1.0,0
896,0,0,47,1,0,2,56.87,2680.06,5,2.0,0
897,1,0,46,0,0,0,56.98,2592.25,4,2.0,0
898,1,0,12,0,1,3,25.24,272.62,5,8.0,1
899,0,0,13,0,1,0,96.76,1188.66,1,3.0,1
900,0,0,62,2,0,1,61.65,3795.52,3,0.0,0
901,0,0,60,0,1,0,102.22,6119.88,4,0.0,0
902,0,0,43,0,2,1,105.03,4463.43,2,6.0,1
903,1,0,68,1,1,2,41.2,2799.29,1,6.0,0
904,1,0,5,0,1,1,85.74,452.32,2,1.0,1
905,1,0,37,0,2,1,67.23,2476.77,3,8.0,0
907,0,0,31,0,1,3,41.57,1248.44,1,4.0,0
908,0,0,9,2,0,2,87.78,840.2,1,2.0,1
909,1,0,51,2,0,0,80.78,4125.63,3,2.0,1
911,1,0,40,0,1,0,33.66,1467.11,3,5.0,1
913,1,0,11,1,0,0,93.86,1011.0,1,7.0,0
914,0,0,23,0,1,2,51.56,1173.63,5,4.0,1
915,1,0,1,2,1,2,84.48,114.27,3,0.0,0
916,0,0,46,1,1,3,59.51,2803.9,1,8.0,1
917,0,0,21,0,0,2,91.32,1885.09,5,0.0,1
918,0,0,36,1,1,3,39.92,1456.24,3,5.0,0
920,1,0,57,2,0,2,48.74,2809.14,4,2.0,0
921,1,0,1,1,1,1,56.78,132.25,4,9.0,1
922,1,0,63,0,1,0,25.81,1613.96,5,4.0,1
923,0,0,54,0,0,1,31.15,1598.67,3,9.0,1
924,1,0,55,2,0,3,71.59,3974.44,1,6.0,0
925,0,0,40,1,1,0,46.76,1828.74,2,9.0,0
926,1,0,15,2,0,1,103.55,1546.06,1,7.0,1
927,1,0,21,0,0,2,21.47,490.21,2,8.0,0
928,0,0,47,0,1,1,57.91,2736.61,2,5.0,1
929,0,0,53,0,0,0,53.73,2842.85,3,8.0,0
930,0,0,9,1,0,0,21.93,168.6,5,7.0,1
932,0,0,57,0,1,0,61.36,3532.68,5,9.0,1
933,1,0,26,1,1,1,69.29,1788.8,4,3.0,0
934,1,0,41,0,1,2,60.43,2553.25,3,8.0,0
936,0,0,63,0,2,0,79.51,4982.27,4,4.0,0
937,1,0,25,1,1,2,20.99,578.15,1,4.0,0
938,0,0,38,0,0,1,66.41,2581.12,4,0.0,1
940,1,0,7,0,1,3,71.9,563.0,2,9.0,0
941,1,0,34,1,1,2,87.75,2955.88,3,2.0,0
942,1,0,17,2,1,0,51.19,878.15,1,7.0,1
944,0,0,59,0,1,2,97.29,5779.48,5,9.0,1
945,0,0,51,2,0,2,72.13,3709.69,3,4.0,0
946,0,0,54,2,0,2,117.6,6333.84,4,0.0,0
947,0,0,24,1,1,3,32.56,836.01,4,8.0,0
948,0,0,25,2,0,1,21.69,536.15,1,2.0,0
949,0,0,71,1,0,0,97.02,6859.67,4,2.0,0
951,0,0,70,0,0,2,32.02,2338.45,1,3.0,1
953,1,0,49,0,0,2,21.76,1130.59,4,8.0,0
954,1,0,29,2,0,3,49.33,1373.82,4,9.0,0
955,0,0,63,2,0,1,97.31,6155.19,1,6.0,0
956,0,0,22,1,1,1,71.8,1594.37,5,7.0,1
958,1,0,28,0,1,1,57.17,1568.15,3,5.0,0
959,1,0,49,0,0,2,20.14,940.1,4,9.0,1
960,0,0,71,0,1,3,49.98,3542.76,2,5.0,0
961,1,0,49,1,1,1,84.65,4230.89,4,0.0,0
962,1,0,20,2,0,0,117.42,2027.995,5,5.0,0
963,1,0,63,0,1,0,104.71,6467.06,4,2.0,0
964,1,0,61,0,1,3,22.36,1366.92,1,5.0,1
965,1,0,49,1,1,0,109.86,5430.42,4,2.0,1
966,0,0,71,0,1,2,98.32,6930.02,5,9.0,1
967,1,0,1,2,1,2,98.04,140.43,1,9.0,0
968,0,0,13,0,1,3,65.8,803.6,3,7.0,0
969,1,0,51,0,1,1,59.8,3042.5,1,4.0,1
971,1,0,62,0,0,0,26.57,1587.93,1,8.0,0
972,1,0,32,1,1,3,42.82,1379.43,3,8.0,0
973,1,0,30,0,2,3,44.66,1400.56,4,0.0,0
974,0,0,29,0,2,0,68.41,2007.52,1,1.0,0
975,0,0,49,0,2,1,94.74,4606.45,1,7.0,0
976,0,0,45,0,1,3,67.38,3108.08,1,4.0,1
977,0,0,30,0,1,2,25.78,806.45,1,6.0,0
978,0,0,16,0,1,0,115.78,1759.44,3,0.0,1
981,1,0,18,0,0,3,119.13,2154.22,1,2.0,0
982,0,0,1,0,0,0,74.45,124.85,3,9.0,1
983,1,0,47,0,1,2,116.28,5437.53,3,1.0,1
984,1,0,66,0,1,2,27.56,1736.71,1,1.0,0
985,0,0,38,1,0,0,56.57,2224.86,2,8.0,0
986,1,0,51,2,0,3,42.54,2227.67,1,3.0,0
987,1,0,63,1,2,0,39.58,2489.39,2,3.0,0
988,0,0,4,0,1,0,34.08,178.99,1,6.0,0
989,1,0,1,0,1,3,82.24,63.77,2,9.0,1
991,1,0,29,0,1,1,77.83,2249.85,1,1.0,1
993,1,0,3,2,1,1,101.11,321.3,4,2.0,0
995,1,0,10,1,0,1,58.82,575.59,3,2.0,0
996,0,0,34,0,0,0,87.41,2987.77,2,4.0,0
997,1,0,55,0,0,3,45.99,2621.38,2,3.0,0
998,1,0,32,0,1,0,54.52,1686.24,3,2.0,0
999,0,0,50,1,0,2,111.75,5613.46,2,7.0,1
1000,1,0,7,0,1,0,49.05,374.86,3,9.0,0
1001,0,0,8,2,1,0,67.0,442.15,1,2.0,0
1002,1,0,65,2,1,0,109.01,7106.44,4,5.0,1
1003,1,0,57,0,1,0,90.77,5218.03,4,6.0,1
1004,0,0,67,0,0,1,26.22,1786.19,5,6.0,0
1005,1,0,59,0,1,3,34.73,2044.89,2,1.0,0
1007,1,0,54,1,0,2,83.09,4495.47,1,9.0,0
1008,1,0,67,1,1,2,64.77,2027.995,4,9.0,1
1010,1,0,8,0,0,2,115.79,907.99,1,6.0,1
1011,0,0,34,1,1,1,72.97,2027.995,2,5.0,0
1012,0,0,35,0,1,3,44.19,1670.88,1,2.0,0
1013,1,0,32,1,1,0,70.06,2304.56,4,6.0,0
1014,1,0,46,1,1,0,87.96,3988.74,5,6.0,1
1015,0,0,16,0,0,1,27.62,459.31,4,9.0,1
1016,1,0,68,0,0,2,47.47,3300.89,2,2.0,0
1017,0,0,37,0,1,0,100.7,3650.96,4,0.0,0
1018,1,0,54,0,1,0,65.97,3566.04,3,2.0,0
1020,0,0,55,1,0,1,63.28,3416.76,3,6.0,0
1022,0,0,7,1,0,3,36.57,311.84,2,0.0,0
1023,0,0,7,0,0,3,64.55,527.28,1,5.0,0
1024,0,0,33,0,1,2,40.92,1337.84,3,1.0,1
1025,0,0,23,2,0,3,25.0,700.03,4,2.0,0
1026,0,0,19,0,0,1,69.95,1880.04,1,3.0,0
1027,0,0,19,1,0,1,118.12,2262.08,4,5.0,0
1028,1,0,36,1,0,1,99.31,3504.7,4,5.0,0
1029,0,0,29,0,2,3,105.38,3060.49,1,6.0,1
1030,0,0,60,0,1,3,44.2,2625.77,1,4.0,0
1031,1,0,2,1,0,0,116.06,257.47,4,6.0,0
1032,0,0,1,2,2,0,39.69,33.35,2,1.0,0
1033,1,0,47,0,1,0,115.14,5370.42,5,0.0,1
1035,0,0,20,1,0,0,91.17,1920.07,2,7.0,0
1036,0,0,11,2,1,1,118.11,1321.43,1,0.0,0
1037,1,0,2,0,2,3,76.95,68.8,4,1.0,0
1038,1,0,67,0,0,2,45.95,3106.47,5,9.0,0
1040,0,0,20,2,1,0,79.36,1587.35,2,0.0,0
1041,1,0,5,0,2,3,27.31,177.54,4,9.0,0
1045,1,0,53,1,2,2,99.26,5233.45,2,3.0,0
1046,1,0,44,2,0,1,110.79,4904.6,5,2.0,0
1047,1,0,24,0,1,0,114.37,2733.27,4,0.0,1
1048,1,0,30,0,1,3,116.01,3481.87,5,8.0,0
1049,1,0,59,1,0,2,72.15,4243.1,3,9.0,0
1050,1,0,14,0,0,2,117.73,1642.93,2,5.0,0
1052,0,0,40,2,1,3,36.17,1566.22,5,8.0,0
1053,1,0,66,1,0,2,67.69,4486.4,4,0.0,0
1054,0,0,25,2,2,2,91.83,2290.83,5,5.0,0
1055,0,0,22,2,1,3,44.73,904.37,4,4.0,0
1056,1,0,4,0,1,2,84.06,298.23,4,5.0,1
1057,0,0,26,0,1,3,86.66,2246.82,1,7.0,1
1059,1,0,29,0,1,2,76.51,2188.25,5,1.0,1
1060,0,0,37,1,1,0,97.16,3673.79,4,1.0,0
1062,1,0,18,0,1,0,21.21,387.7,5,4.0,1
1063,1,0,42,0,0,0,20.9,844.25,4,2.0,1
1064,1,0,41,0,1,0,55.7,2342.7,3,9.0,1
1065,1,0,38,0,1,1,112.62,4268.91,2,2.0,1
1066,1,0,34,0,1,3,42.87,1431.46,2,7.0,0
1067,1,0,17,0,0,3,83.44,1339.38,1,6.0,1
1069,1,0,25,0,0,3,52.17,1276.57,1,4.0,0
1070,0,0,27,0,1,3,104.8,2913.94,2,8.0,1
1071,1,0,57,1,1,2,92.89,5386.71,3,3.0,1
1072,1,0,31,0,1,2,29.54,853.97,2,0.0,0
1073,1,0,6,1,0,2,62.87,321.11,2,7.0,1
1074,0,0,40,0,1,0,22.92,902.86,2,4.0,0
1076,0,0,53,0,1,3,86.24,4581.77,3,0.0,0
1077,0,0,71,2,1,1,31.85,2245.04,1,2.0,0
1078,0,0,10,0,1,3,48.89,502.91,5,8.0,1
1079,0,0,45,2,1,2,59.78,2741.07,1,0.0,0
1080,1,0,17,0,2,3,111.95,1849.99,1,3.0,0
1082,0,0,62,0,2,3,24.49,1482.02,2,7.0,1
1083,0,0,46,0,0,2,96.1,4528.06,3,9.0,0
1085,0,0,2,0,1,0,59.25,112.84,1,5.0,0
1087,1,0,65,0,0,2,111.84,7212.03,4,3.0,0
1088,1,0,51,0,1,3,115.09,5913.42,2,7.0,1
1089,1,0,53,0,0,0,77.71,4117.23,1,8.0,1
1090,1,0,36,0,0,2,55.71,2051.98,3,6.0,0
1091,1,0,26,1,0,2,98.75,2677.84,5,1.0,0
1092,1,0,29,2,1,0,69.95,1269.38,5,8.0,0
1093,1,0,21,0,0,3,76.41,1543.05,1,7.0,0
1094,1,0,11,0,0,3,55.86,624.06,4,5.0,0
1095,0,0,40,0,0,3,85.66,3483.76,3,2.0,0
1096,0,0,11,2,0,2,44.04,437.42,1,6.0,0
1097,1,0,36,0,1,1,39.16,1411.47,4,1.0,0
1098,1,0,59,1,2,2,111.82,6666.11,5,2.0,1
1099,1,0,39,0,0,3,30.18,1095.39,2,8.0,0
1100,0,0,54,0,1,2,70.6,3823.94,3,3.0,1
1101,0,0,55,0,1,1,42.09,2287.69,3,3.0,1
1103,0,0,22,2,1,0,23.6,554.73,1,4.0,1
1104,1,0,69,0,0,3,37.52,2600.07,5,2.0,0
1107,1,0,36,1,0,2,69.95,4212.98,2,1.0,0
1108,1,0,20,0,1,2,78.16,1579.69,2,4.0,0
1109,0,0,62,0,1,2,63.66,3989.02,4,5.0,1
1110,1,0,26,0,0,3,78.01,2040.75,5,0.0,1
1112,1,0,40,1,1,3,95.88,3815.3,1,9.0,0
1113,1,0,17,0,1,2,48.25,781.87,3,2.0,1
1114,0,0,1,1,1,3,55.31,2027.995,5,3.0,1
1115,1,0,61,0,1,0,109.41,6730.34,3,5.0,1
1116,1,0,43,2,1,2,114.65,4884.05,4,7.0,0
1117,0,0,42,0,0,3,109.26,4559.95,2,8.0,0
1118,1,0,25,0,0,0,61.94,1540.46,5,5.0,0
1119,1,0,39,2,0,0,98.04,3904.42,5,6.0,0
1120,1,0,35,0,1,1,67.63,2395.33,3,4.0,1
1121,1,0,3,2,1,2,69.75,143.06,4,8.0,1
1122,0,0,44,0,2,3,40.47,1775.94,3,3.0,0
1123,1,0,51,0,1,1,79.11,4022.47,3,9.0,1
1125,0,0,19,2,0,0,53.16,1004.73,3,4.0,0
1126,1,0,44,0,0,2,69.95,4627.63,2,0.0,0
1127,1,0,59,2,1,3,40.71,2383.67,3,4.0,0
1128,0,0,49,1,1,0,27.12,1308.31,2,4.0,0
1129,1,0,61,2,2,1,26.9,1714.52,5,8.0,0
1130,0,0,17,0,1,2,114.08,1921.15,4,5.0,0
1131,1,0,57,0,1,2,70.69,4031.93,2,4.0,1
1132,0,0,55,2,1,1,60.94,3348.83,4,6.0,0
1133,1,0,47,2,2,2,101.09,4725.88,4,5.0,0
1134,1,0,12,0,1,2,69.95,1246.97,2,5.0,1
1135,0,0,62,0,1,2,53.22,3302.85,5,6.0,0
1136,1,0,8,0,1,0,89.36,2027.995,1,5.0,1
1137,0,0,21,1,1,0,97.11,1996.4,4,4.0,0
1138,0,0,70,0,1,3,85.47,5972.25,4,9.0,1
1139,0,0,72,0,0,2,35.16,2569.5,5,4.0,1
1140,0,0,25,0,0,3,107.59,2680.72,5,8.0,0
1141,1,0,12,1,1,0,73.91,895.0,3,7.0,0
1143,1,0,59,0,0,3,62.52,3709.72,4,3.0,0
1144,1,0,26,1,0,2,23.76,645.62,2,3.0,0
1145,0,0,26,1,0,2,32.79,843.75,1,9.0,0
1146,0,0,47,0,1,1,96.55,4492.5,3,4.0,1
1147,1,0,32,0,0,3,20.0,579.1,2,2.0,0
1149,1,0,16,2,0,3,72.25,1194.53,1,6.0,0
1150,0,0,71,1,0,3,25.46,1840.37,1,4.0,0
1151,1,0,17,2,1,3,117.31,2034.79,2,9.0,0
1152,1,0,23,1,0,1,42.61,972.01,3,2.0,0
1154,1,0,7,0,1,0,50.39,303.74,1,2.0,1
1156,0,0,7,0,0,0,20.15,201.64,1,4.0,1
1157,0,0,9,0,0,1,92.93,811.75,5,0.0,1
1158,0,0,48,0,0,2,116.68,5653.6,3,5.0,0
1159,0,0,72,0,0,0,42.43,3045.57,4,9.0,0
1161,1,0,39,0,0,1,94.19,3618.68,5,3.0,1
1162,1,0,18,0,0,0,104.84,1857.76,3,7.0,1
1163,0,0,59,2,2,2,62.26,3744.42,2,1.0,0
1166,1,0,31,0,0,2,91.26,2787.1,2,0.0,0
1167,1,0,24,2,0,3,101.68,2477.77,1,9.0,0
1168,1,0,60,0,2,1,38.16,2282.42,1,2.0,1
1169,0,0,45,1,1,1,57.09,2553.21,3,7.0,0
1170,0,0,3,0,1,2,110.19,267.01,5,5.0,1
1171,1,0,37,0,2,1,100.67,3719.85,3,6.0,1
1172,1,0,43,0,1,0,118.49,5036.98,4,1.0,1
1173,0,0,40,1,0,3,95.42,3732.91,2,5.0,0
1174,0,0,55,2,1,0,59.32,3268.55,2,7.0,0
1175,0,0,39,1,1,2,79.06,3051.72,1,7.0,0
1176,0,0,15,1,2,1,86.1,1375.74,5,3.0,0
1177,1,0,4,0,1,3,27.85,161.38,1,5.0,1
1178,0,0,25,1,1,2,74.45,1946.11,4,4.0,1
1179,0,0,13,0,2,0,90.93,1148.07,3,8.0,0
1180,1,0,33,1,0,1,36.73,1218.97,3,7.0,0
1181,0,0,16,0,2,1,98.06,1437.98,5,1.0,0
1182,0,0,42,0,0,2,78.38,3277.76,1,6.0,1
1184,0,0,55,0,0,1,24.24,1341.03,4,0.0,0
1185,0,0,42,0,1,0,46.53,1952.25,3,0.0,0
1186,1,0,34,1,1,3,80.16,2728.61,1,3.0,0
1187,1,0,30,0,0,1,49.66,1354.02,5,4.0,0
1188,1,0,13,0,2,3,91.44,1201.56,3,3.0,1
1189,1,0,13,1,1,1,95.9,1270.88,4,6.0,0
1190,1,0,18,0,1,2,30.25,611.43,5,2.0,1
1192,0,0,39,1,2,1,70.89,2758.14,4,7.0,0
1193,0,0,46,2,0,0,56.93,2673.94,5,5.0,0
1194,0,0,29,1,0,0,113.29,3167.62,1,5.0,0
1195,0,0,62,0,0,3,102.75,6344.79,2,7.0,1
1197,0,0,57,0,2,3,91.43,5209.94,1,6.0,1
1198,0,0,16,2,0,1,66.17,948.81,2,5.0,0
1199,0,0,56,0,0,1,112.1,6343.55,3,5.0,0
1200,0,0,10,0,1,3,89.46,882.1,1,9.0,0
1201,0,0,30,0,1,2,92.9,2802.88,5,5.0,1
1202,0,0,25,2,1,2,106.17,2665.38,4,7.0,1
1203,0,0,5,0,0,1,47.41,300.16,2,0.0,0
1204,1,0,65,2,1,2,100.71,6452.86,1,4.0,0
1205,0,0,49,0,0,2,39.52,1942.3,3,2.0,1
1206,1,0,3,0,2,3,54.53,220.91,4,7.0,1
1207,0,0,45,0,1,2,53.56,2405.35,4,5.0,1
1208,0,0,14,2,1,2,117.85,1602.37,1,1.0,0
1209,0,0,30,2,0,1,105.65,3139.42,3,6.0,0
1210,1,0,68,0,0,1,90.12,6108.31,2,6.0,1
1211,1,0,18,0,0,1,92.71,1632.65,1,4.0,1
1213,0,0,37,0,0,3,114.71,4319.65,4,4.0,1
1214,0,0,25,0,1,0,69.63,1710.78,2,0.0,0
1215,0,0,48,0,0,1,58.05,2762.1,3,8.0,1
1216,1,0,65,0,1,1,36.3,2382.72,5,3.0,0
1217,1,0,53,0,0,1,98.62,5218.15,3,5.0,0
1218,0,0,15,0,0,3,93.44,1335.21,2,3.0,0
1219,1,0,49,0,1,0,58.44,2860.28,1,8.0,1
1220,1,0,68,2,1,0,22.52,1526.37,4,1.0,0
1221,0,0,12,0,1,1,103.9,1295.58,5,3.0,1
1222,0,0,59,1,0,2,21.14,1198.76,1,1.0,0
1223,0,0,37,0,1,1,90.37,3392.81,1,4.0,1
1224,1,0,61,1,1,1,117.03,2027.995,3,2.0,0
1225,0,0,43,0,0,2,63.77,2686.55,2,9.0,1
1226,1,0,70,1,1,2,43.5,2979.37,3,1.0,1
1227,0,0,39,0,1,1,90.49,3625.72,2,8.0,1
1228,0,0,56,2,0,3,101.71,5687.92,3,4.0,0
1230,1,0,46,0,1,2,116.7,5282.96,4,4.0,1
1231,1,0,11,2,0,1,25.17,408.72,2,0.0,0
1232,1,0,62,1,1,3,70.48,4414.39,5,5.0,0
1233,1,0,25,0,0,1,91.85,2283.36,5,6.0,1
1235,0,0,52,0,1,1,37.93,2008.86,3,8.0,1
1236,1,0,4,0,0,3,100.0,433.86,3,7.0,0
1237,1,0,59,2,0,0,75.27,4450.1,1,7.0,0
1239,1,0,20,2,1,3,33.17,691.48,5,4.0,0
1240,1,0,63,0,1,0,106.53,6624.28,3,2.0,1
1241,0,0,54,1,0,2,35.73,1910.71,2,8.0,0
1242,0,0,57,0,0,3,50.98,2823.45,4,6.0,0
1243,0,0,41,2,0,0,49.0,2039.42,2,9.0,0
1244,1,0,3,1,0,3,107.14,287.63,5,9.0,1
1245,0,0,6,0,0,0,87.27,445.04,2,7.0,0
1247,0,0,5,0,1,3,45.05,232.7,2,4.0,1
1248,1,0,54,1,2,2,82.49,4444.06,2,7.0,0
1249,0,0,47,2,2,1,77.17,3568.55,2,2.0,0
1250,0,0,49,0,1,0,103.28,4975.63,2,6.0,0
1251,0,0,9,1,1,1,110.61,999.17,1,1.0,1
1252,1,0,20,0,2,2,21.22,395.28,5,2.0,0
1253,1,0,61,0,0,1,87.4,5318.62,4,5.0,0
1254,0,0,35,0,0,1,25.18,873.44,5,4.0,0
1256,0,0,62,0,1,3,48.76,3065.67,1,9.0,0
1257,0,0,17,1,1,2,50.68,868.85,1,9.0,0
1258,1,0,3,0,0,3,55.3,149.86,1,0.0,1
1259,0,0,32,1,1,0,82.13,2629.37,2,9.0,0
1260,0,0,13,0,1,2,53.4,677.3,5,8.0,0
1261,1,0,68,2,0,3,93.27,6260.23,3,0.0,0
1264,0,0,56,0,0,0,98.38,5608.47,5,7.0,1
1265,1,0,67,1,1,2,48.58,3368.61,1,5.0,1
1266,1,0,29,0,1,3,63.28,1776.22,1,5.0,0
1267,0,0,9,1,1,3,88.54,780.13,1,8.0,0
1268,1,0,67,0,1,2,53.25,3693.03,1,3.0,1
1269,1,0,25,1,1,0,25.66,639.44,1,7.0,0
1270,0,0,42,0,1,0,57.39,2422.68,4,3.0,0
1272,1,0,40,0,1,0,84.17,3374.45,1,7.0,1
1273,0,0,25,0,1,2,87.15,2275.29,1,6.0,0
1274,0,0,5,0,0,0,83.23,2027.995,1,3.0,0
1275,0,0,11,2,1,0,39.9,408.39,1,8.0,0
1276,0,0,59,2,0,1,61.83,3628.35,2,8.0,1
1277,0,0,38,1,1,0,95.09,3557.03,2,7.0,1
1278,1,0,72,0,1,1,30.14,2127.33,3,0.0,1
1279,1,0,5,0,0,1,47.79,143.42,1,6.0,0
1280,0,0,48,1,2,0,47.63,2282.09,3,4.0,0
1281,0,0,18,0,0,3,63.2,1213.14,4,6.0,0
1283,1,0,37,0,0,2,26.75,1058.07,5,1.0,1
1284,1,0,60,2,1,0,71.87,4365.87,2,3.0,0
1285,1,0,48,0,1,2,37.94,1793.61,2,3.0,0
1286,1,0,28,1,1,2,117.07,3239.92,1,1.0,0
1287,0,0,69,0,1,1,31.33,2125.73,1,2.0,0
1290,1,0,62,1,0,3,90.46,5463.01,5,5.0,0
1291,0,0,58,2,1,2,62.27,3641.4,1,9.0,0
1292,0,0,67,0,1,3,54.65,3665.31,1,1.0,0
1294,0,0,40,0,0,2,46.43,1909.96,4,6.0,0
1295,0,0,40,0,0,1,40.53,1631.27,4,7.0,1
1296,1,0,33,0,1,3,68.3,2335.61,2,7.0,1
1297,0,0,6,0,0,3,46.85,312.22,3,5.0,1
1298,1,0,19,0,0,2,48.75,888.32,3,5.0,1
1299,1,0,40,1,0,3,85.68,3415.14,1,7.0,0
1300,0,0,59,1,1,3,116.85,6781.31,2,0.0,0
1301,1,0,59,0,1,1,80.36,4696.35,4,8.0,0
1302,1,0,48,2,1,3,27.7,1310.45,1,0.0,0
1304,1,0,13,0,1,3,115.14,1459.33,5,8.0,1
1305,0,0,45,0,2,3,49.73,2175.5,2,4.0,0
1306,0,0,53,0,0,1,29.21,1453.58,1,8.0,1
1307,1,0,42,1,1,1,79.9,3326.17,3,8.0,0
1308,0,0,63,1,1,0,82.36,5286.53,4,5.0,1
1309,0,0,27,0,0,3,84.85,2304.52,5,0.0,0
1310,1,0,38,1,1,1,46.74,1823.11,2,9.0,1
1311,0,0,60,0,0,3,21.51,1245.66,1,6.0,1
1312,1,0,7,0,0,3,116.5,736.84,1,5.0,1
1313,1,0,5,1,0,3,45.09,164.39,4,8.0,0
1314,0,0,45,1,0,2,87.6,3937.26,1,6.0,0
1315,1,0,58,0,1,0,90.66,5158.75,1,3.0,0
1316,0,0,31,0,1,2,81.0,2460.69,4,6.0,1
1317,1,0,23,2,1,0,51.29,1150.37,5,1.0,1
1318,0,0,42,1,1,3,47.11,1912.56,3,5.0,1
1319,0,0,10,1,0,3,79.77,691.48,3,5.0,0
1320,1,0,32,0,1,1,106.61,3425.99,2,1.0,0
1321,1,0,53,0,2,0,114.67,6079.98,5,3.0,0
1322,0,0,30,0,0,0,30.59,956.67,2,7.0,1
1323,0,0,39,0,1,2,35.48,1328.31,3,7.0,1
1325,0,0,2,0,1,3,93.65,263.77,1,7.0,1
1326,0,0,12,0,0,1,108.3,1312.7,3,5.0,0
1327,1,0,39,0,0,2,40.26,1539.77,5,1.0,0
1328,1,0,66,0,1,1,78.76,5205.32,3,3.0,0
1329,0,0,13,2,2,0,90.11,1138.59,5,8.0,0
1330,1,0,46,1,0,0,88.01,4007.3,5,2.0,0
1331,1,0,27,0,2,2,60.82,1676.17,5,5.0,1
1332,0,0,17,1,0,0,21.54,359.22,2,6.0,0
1333,1,0,60,1,0,1,78.29,4757.81,4,7.0,0
1334,1,0,64,1,1,3,45.31,2877.73,3,6.0,1
1335,0,0,35,0,1,2,65.03,2258.83,4,2.0,0
1337,0,0,30,0,0,1,59.9,1741.1,3,4.0,0
1339,1,0,63,1,2,0,38.85,2557.09,4,3.0,0
1340,0,0,28,0,0,2,87.25,2423.78,1,0.0,0
1341,1,0,60,0,0,0,117.7,7028.02,5,6.0,1
1342,1,0,37,0,1,0,30.19,1079.74,3,7.0,1
1343,1,0,22,0,1,0,20.83,424.32,3,1.0,1
1345,1,0,20,0,2,3,29.26,2027.995,5,5.0,0
1347,0,0,64,2,1,0,111.45,7071.09,3,3.0,0
1349,1,0,12,1,1,0,45.87,547.09,5,9.0,0
1350,0,0,22,0,0,1,63.44,1338.83,1,5.0,1
1351,0,0,17,1,1,1,92.34,1525.22,3,4.0,0
1352,0,0,10,0,2,2,20.91,285.7,4,1.0,1
1353,1,0,65,1,1,3,78.95,5133.09,5,9.0,1
1354,0,0,22,0,1,0,81.33,1794.33,2,6.0,1
1355,0,0,50,0,0,2,83.77,4193.72,1,5.0,0
1357,0,0,64,0,2,2,91.41,5797.68,3,9.0,1
1358,1,0,47,1,1,3,29.14,1349.72,2,4.0,0
1359,1,0,29,0,1,0,39.93,1149.44,1,5.0,1
1360,1,0,36,0,2,2,107.75,3792.83,5,8.0,0
1361,1,0,52,1,0,0,93.87,4835.55,2,0.0,0
1363,0,0,29,2,1,3,44.84,1338.3,4,8.0,1
1365,0,0,33,0,1,1,47.08,1524.21,4,5.0,0
1366,1,0,6,2,1,1,69.95,245.25,4,5.0,0
1367,0,0,32,0,0,2,26.25,750.68,3,6.0,1
1368,1,0,51,0,0,1,65.89,3407.19,5,0.0,0
1369,1,0,58,0,0,0,93.27,5464.69,2,3.0,0
1371,0,0,46,1,0,1,87.29,4095.41,5,5.0,0
1372,0,0,29,0,0,0,28.11,836.44,5,3.0,1
1373,0,0,4,1,1,0,115.15,538.44,1,0.0,0
1374,1,0,13,0,2,3,103.85,1340.02,5,8.0,1
1375,1,0,39,0,2,0,100.51,3831.5,3,3.0,1
1378,0,0,29,0,0,3,74.43,2166.85,2,7.0,0
1380,0,0,2,0,0,1,81.68,179.57,4,8.0,1
1381,0,0,47,0,1,2,94.29,4545.46,3,7.0,1
1382,1,0,22,1,1,2,93.79,1965.12,2,9.0,1
1383,0,0,27,2,1,3,72.14,1943.77,5,2.0,0
1384,1,0,67,0,1,2,26.85,1799.55,1,1.0,0
1385,1,0,56,1,0,1,57.11,3131.03,1,4.0,0
1386,1,0,21,2,1,0,112.08,2295.92,3,0.0,1
1387,0,0,47,2,0,2,78.44,3644.65,4,2.0,0
1388,0,0,59,1,2,0,73.83,4301.18,5,0.0,0
1390,1,0,19,0,1,1,56.84,1049.9,1,3.0,1
1391,1,0,57,2,2,0,109.53,6259.37,3,6.0,0
1392,0,0,69,0,1,1,86.65,6011.07,5,4.0,0
1393,1,0,3,2,0,3,98.74,325.31,2,4.0,0
1396,0,0,38,1,2,3,44.84,1755.61,2,3.0,0
1397,1,0,15,0,1,3,90.55,1380.47,2,9.0,1
1398,1,0,34,0,2,0,62.76,2226.79,3,4.0,1
1399,0,0,61,1,0,0,64.25,3968.64,1,1.0,0
1400,0,0,35,1,0,1,84.93,3058.55,3,0.0,0
1401,1,0,64,1,0,0,113.63,7147.58,1,8.0,0
1404,0,0,12,0,0,1,49.24,584.61,5,0.0,0
1405,1,0,18,0,1,2,69.95,1118.81,3,0.0,1
1407,1,0,27,2,1,2,50.1,1262.41,1,3.0,0
1408,1,0,72,0,1,1,70.26,5079.12,3,5.0,1
1409,1,0,60,0,1,0,25.62,1498.47,2,4.0,1
1410,1,0,46,0,1,0,69.11,3154.02,3,6.0,0
1411,0,0,17,0,2,2,112.71,1938.01,1,0.0,0
1412,0,0,53,0,0,3,30.54,1622.52,1,5.0,0
1414,1,0,27,2,0,1,60.97,1597.64,1,0.0,0
1415,0,0,46,1,0,0,85.52,3929.76,4,8.0,0
1416,1,0,50,0,2,3,46.02,2345.62,5,2.0,0
1417,1,0,71,1,0,0,35.95,2570.46,3,0.0,0
1419,1,0,64,0,0,0,27.05,1786.55,3,5.0,1
1420,1,0,44,0,2,1,38.56,1676.53,4,5.0,0
1422,0,0,24,2,1,1,108.17,2624.85,2,2.0,0
1423,0,0,60,0,1,3,101.41,6077.28,1,6.0,1
1424,1,0,3,0,0,2,88.51,321.65,1,9.0,1
1425,0,0,20,0,1,3,31.04,639.35,2,2.0,0
1427,0,0,15,0,1,2,50.98,781.63,5,2.0,0
1428,0,0,25,0,1,1,45.0,1079.76,4,6.0,0
1429,0,0,71,1,0,0,71.5,5123.89,1,3.0,0
1430,0,0,17,0,1,0,73.56,1180.58,5,3.0,0
1432,0,0,38,0,1,1,55.38,2120.44,5,9.0,1
1433,1,0,48,1,2,3,102.86,4928.84,4,8.0,1
1434,1,0,60,0,1,3,98.93,5973.92,2,1.0,1
1435,1,0,63,2,1,0,50.78,3224.68,3,3.0,0
1439,1,0,64,0,1,1,55.44,3504.73,1,6.0,1
1440,1,0,72,0,1,3,70.56,5053.49,4,1.0,0
1442,1,0,18,2,0,0,107.63,1991.46,5,9.0,1
1443,1,0,64,0,0,3,30.26,1913.62,4,9.0,0
1444,1,0,38,0,1,0,59.27,2233.73,2,5.0,0
1445,1,0,32,0,2,2,75.34,2503.21,4,2.0,1
1446,1,0,11,0,1,2,70.31,768.23,5,8.0,1
1447,1,0,45,1,1,2,39.39,1740.65,4,3.0,0
1448,0,0,33,0,0,3,105.88,3532.93,3,9.0,1
1449,1,0,41,2,0,0,87.69,3592.65,5,1.0,0
1450,1,0,8,0,0,3,103.79,760.85,4,5.0,0
1451,0,0,11,1,1,0,105.88,1216.69,1,0.0,0
1452,0,0,51,2,0,1,94.84,4799.26,4,5.0,0
1453,1,0,41,0,1,3,63.92,2622.94,3,9.0,0
1454,1,0,17,0,2,2,81.05,1374.52,2,0.0,0
1456,0,0,32,0,1,0,87.36,2686.11,2,4.0,1
1458,0,0,20,2,0,0,89.39,1844.14,3,1.0,0
1459,0,0,33,2,0,0,42.96,1480.95,5,1.0,0
1460,0,0,40,2,1,3,31.76,1220.64,2,8.0,1
1461,0,0,32,0,1,3,36.53,1214.94,3,2.0,0
1462,0,0,2,2,1,0,20.2,2.33,4,5.0,0
1464,1,0,30,0,1,1,93.24,2781.1,3,4.0,1
1465,0,0,33,0,0,2,71.49,2364.72,3,3.0,0
1467,0,0,22,0,0,2,28.36,637.05,3,1.0,0
1468,0,0,66,0,1,1,21.91,1439.94,5,7.0,1
1469,1,0,38,2,0,2,36.57,1438.21,1,9.0,0
1471,0,0,15,0,1,1,44.15,658.44,4,1.0,0
1472,1,0,44,0,1,0,55.43,2488.58,5,5.0,1
1473,1,0,49,2,1,2,30.53,1522.66,5,7.0,0
1474,1,0,61,1,1,0,42.24,2553.09,2,6.0,1
1475,1,0,67,0,2,0,71.92,4743.16,2,0.0,0
1476,0,0,6,1,0,3,80.78,500.19,4,4.0,0
1477,0,0,9,2,0,0,44.54,321.88,1,1.0,0
1478,0,0,6,2,1,0,25.77,144.01,2,5.0,0
1479,0,0,32,0,0,2,59.1,1950.25,3,6.0,1
1480,0,0,41,0,1,0,43.42,1810.07,1,6.0,1
1481,0,0,8,2,1,0,69.95,2027.995,3,2.0,1
1482,0,0,72,0,2,3,115.99,2027.995,5,6.0,0
1483,0,0,50,1,2,3,81.63,4065.54,1,4.0,0
1485,1,0,62,0,0,2,61.58,2027.995,5,7.0,0
1486,0,0,7,0,2,3,62.89,415.67,5,6.0,1
1487,1,0,4,0,0,3,74.09,272.09,3,5.0,0
1488,1,0,6,2,1,1,89.64,544.06,5,1.0,1
1489,1,0,58,0,1,0,90.21,5201.15,2,5.0,1
1490,1,0,22,2,0,2,37.17,822.51,1,8.0,0
1491,0,0,26,2,1,2,70.01,1790.63,2,1.0,0
1492,1,0,3,0,0,0,61.2,156.66,3,0.0,0
1493,1,0,41,1,0,0,107.05,4438.81,3,4.0,0
1495,1,0,14,1,0,3,73.25,940.07,5,2.0,0
1496,0,0,12,1,0,3,31.54,415.83,4,7.0,0
1497,0,0,12,0,1,0,80.56,1036.7,3,6.0,1
1498,0,0,13,0,2,2,31.72,490.23,1,1.0,1
1499,0,0,25,1,0,0,53.72,1369.04,4,6.0,0
1500,1,0,45,2,0,3,34.28,1489.92,5,0.0,0
1501,0,0,19,0,2,1,89.21,1726.44,3,8.0,1
1502,1,0,55,1,0,1,40.63,2190.92,1,6.0,0
1503,1,0,45,0,0,3,59.19,2646.22,1,5.0,1
1504,0,0,8,2,1,0,109.57,895.69,1,1.0,0
1506,0,0,55,1,1,3,70.78,3835.61,4,0.0,1
1507,1,0,32,0,0,2,61.93,2004.96,1,9.0,0
1508,1,0,51,1,2,0,21.81,1205.79,5,4.0,0
1510,1,0,70,1,0,1,26.9,1918.68,4,5.0,0
1512,0,0,22,0,2,1,76.07,1705.38,1,5.0,0
1513,1,0,37,2,1,1,82.84,3087.67,1,4.0,0
1514,1,0,56,1,1,3,88.86,5021.27,5,7.0,1
1515,1,0,59,2,1,1,45.33,2605.89,5,1.0,0
1516,1,0,3,0,1,2,21.0,72.97,1,4.0,0
1517,0,0,28,0,1,0,92.34,2581.59,1,5.0,1
1518,1,0,35,0,0,1,73.57,2578.74,5,9.0,0
1519,1,0,61,0,0,0,103.61,6297.25,4,7.0,1
1520,1,0,54,0,2,1,102.14,5541.52,2,7.0,0
1521,0,0,63,2,1,3,104.33,6532.06,2,4.0,0
1522,1,0,7,1,1,2,68.51,2027.995,1,8.0,1
1523,0,0,49,2,2,0,53.36,2582.09,5,3.0,0
1524,0,0,31,0,1,3,99.16,3117.03,3,8.0,0
1525,1,0,58,0,0,0,65.13,3776.92,3,6.0,1
1526,1,0,61,2,1,3,38.34,2315.96,2,5.0,0
1528,0,0,20,0,0,1,108.26,2165.31,2,1.0,1
1529,0,0,37,2,0,3,66.63,2546.45,1,7.0,0
1530,1,0,4,0,1,0,27.57,48.45,4,5.0,1
1531,0,0,20,0,2,0,58.78,1209.43,3,2.0,0
1532,1,0,60,2,0,3,100.35,6044.82,5,6.0,0
1534,1,0,50,2,1,2,40.35,2090.71,1,6.0,1
1535,1,0,49,0,1,1,26.7,1335.13,2,5.0,0
1536,1,0,51,1,1,1,107.74,5469.1,1,1.0,0
1537,1,0,36,0,1,0,58.94,2028.89,5,7.0,1
1538,0,0,66,1,1,0,74.18,2027.995,3,0.0,1
1539,0,0,34,0,0,1,116.81,2027.995,5,0.0,0
1540,0,0,36,2,1,1,26.66,908.1,4,5.0,1
1541,1,0,6,0,0,1,84.83,456.81,5,4.0,0
1542,1,0,39,0,2,3,27.41,1112.44,5,8.0,0
1543,1,0,42,1,0,1,57.55,2319.18,4,6.0,0
1544,0,0,58,0,1,3,100.38,5837.84,2,1.0,0
1545,1,0,12,0,0,3,63.35,750.79,5,6.0,0
1546,0,0,3,0,1,1,119.72,384.01,1,2.0,1
1547,1,0,18,0,0,2,75.91,1351.59,5,0.0,0
1548,0,0,40,0,0,2,52.12,2099.31,1,7.0,0
1549,1,0,21,0,0,0,42.01,845.1,4,2.0,0
1550,1,0,15,0,1,1,55.05,823.32,5,7.0,1
1551,0,0,26,1,0,0,57.25,1513.04,4,6.0,0
1552,0,0,8,0,1,1,26.87,222.51,4,1.0,1
1554,1,0,44,2,1,3,66.42,2876.25,5,6.0,0
1555,0,0,14,2,1,1,92.27,1262.3,1,0.0,0
1556,0,0,2,0,2,2,85.67,142.68,1,5.0,0
1557,1,0,37,0,0,1,90.88,3348.61,5,9.0,1
1558,1,0,69,2,0,0,20.84,1505.64,2,9.0,0
1559,0,0,38,0,2,0,41.77,1569.43,2,7.0,0
1560,1,0,41,0,0,0,86.17,3475.73,2,6.0,0
1561,0,0,62,0,1,0,68.4,4267.82,1,3.0,0
1562,0,0,60,1,0,0,20.53,1299.21,4,0.0,0
1563,0,0,14,0,1,0,100.45,1343.23,2,0.0,0
1564,1,0,2,1,0,2,97.28,293.2,1,3.0,1
1565,0,0,70,1,2,0,74.84,5259.69,1,4.0,0
1567,1,0,28,2,0,1,96.65,2779.6,5,3.0,0
1568,0,0,66,0,0,3,78.37,5221.14,5,9.0,0
1569,0,0,35,1,0,2,98.2,3431.33,2,0.0,1
1570,0,0,5,0,1,1,95.17,536.76,2,9.0,1
1571,1,0,65,0,0,3,100.3,6532.24,4,6.0,0
1573,1,0,56,0,1,2,34.03,1965.81,4,1.0,1
1574,1,0,36,0,1,1,87.12,3081.62,1,7.0,1
1575,0,0,45,0,0,0,82.05,3731.85,2,9.0,1
1576,0,0,23,0,0,2,94.23,2158.09,1,9.0,0
1577,1,0,47,1,1,2,36.99,1745.35,3,9.0,0
1579,0,0,11,1,0,0,109.04,1203.8,3,9.0,0
1580,1,0,10,0,1,3,95.0,1026.15,2,1.0,1
1582,0,0,14,0,0,0,95.87,1256.08,2,5.0,1
1583,1,0,10,0,1,1,79.72,700.49,3,5.0,0
1584,0,0,1,1,0,0,85.41,138.87,2,2.0,0
1585,1,0,5,0,1,1,108.91,505.89,5,7.0,1
1586,1,0,20,2,2,3,77.88,1564.22,3,8.0,0
1587,0,0,8,2,2,2,83.24,660.18,2,4.0,1
1588,1,0,43,0,0,2,35.65,1488.53,1,1.0,0
1589,0,0,1,1,0,1,67.39,109.97,2,1.0,0
1590,0,0,57,0,2,1,91.64,5217.09,1,6.0,1
1591,1,0,64,0,0,0,47.09,3002.15,5,0.0,0
1592,1,0,28,1,1,0,40.23,1137.96,2,9.0,0
1593,1,0,37,0,0,2,51.38,1937.2,5,1.0,0
1594,1,0,47,0,0,2,44.15,2027.1,3,9.0,0
1595,1,0,37,0,0,2,41.49,1578.82,1,3.0,1
1597,0,0,44,0,2,3,110.78,4803.18,1,3.0,0
1598,0,0,56,0,0,3,70.71,3973.45,5,9.0,1
1599,1,0,28,0,1,1,38.79,1070.93,4,4.0,0
1600,0,0,6,0,0,0,27.7,201.14,2,8.0,1
1601,1,0,61,1,0,3,89.62,5405.72,5,0.0,0
1602,1,0,20,0,1,0,58.28,1247.04,1,4.0,0
1603,0,0,2,1,1,2,102.18,123.97,1,1.0,1
1604,0,0,37,1,0,2,85.95,3167.98,1,8.0,1
1606,1,0,26,1,2,2,47.19,1192.74,2,1.0,0
1607,1,0,29,0,2,1,89.24,2545.67,3,2.0,1
1608,0,0,1,0,1,0,46.41,57.52,4,7.0,1
1609,1,0,35,0,0,0,113.91,3990.63,2,0.0,1
1610,1,0,70,2,1,0,83.64,5854.92,1,2.0,0
1611,0,0,59,1,0,3,52.45,3137.55,2,9.0,0
1612,0,0,69,0,2,0,46.95,3219.91,5,0.0,0
1613,0,0,33,0,0,0,39.09,1306.04,1,7.0,1
1614,1,0,51,2,0,0,89.46,4537.34,4,0.0,0
1615,1,0,12,0,1,3,41.87,459.99,1,4.0,0
1616,0,0,20,0,1,2,79.53,1576.37,4,3.0,1
1617,1,0,53,0,1,3,46.46,2437.63,4,6.0,0
1618,1,0,43,2,0,1,86.2,3684.03,3,4.0,0
1619,0,0,50,0,1,0,101.49,5132.97,3,5.0,1
1620,0,0,29,0,1,1,97.8,2823.57,2,0.0,0
1621,1,0,57,1,0,3,96.09,5443.71,2,4.0,0
1622,0,0,39,0,1,2,38.77,1513.52,4,3.0,1
1623,0,0,56,2,2,2,28.84,1620.17,1,2.0,0
1624,1,0,43,0,0,0,89.89,3806.14,5,4.0,0
1625,1,0,50,0,0,2,56.83,2826.82,5,9.0,0
1626,1,0,23,2,0,3,63.23,1437.46,1,2.0,0
1627,1,0,44,2,0,3,23.11,1008.45,1,7.0,0
1628,1,0,38,0,1,2,45.96,1782.67,3,2.0,0
1629,1,0,23,0,1,0,23.37,544.29,5,0.0,1
1630,0,0,45,2,1,0,107.92,4917.73,4,8.0,0
1631,0,0,52,0,0,3,44.34,2305.08,2,8.0,0
1632,0,0,50,2,1,2,75.73,3875.49,3,5.0,0
1633,1,0,8,2,1,3,23.9,168.14,5,9.0,1
1634,1,0,1,0,2,3,86.68,48.21,1,0.0,1
1635,1,0,8,2,0,1,52.3,445.79,5,7.0,0
1636,1,0,29,0,1,3,109.79,3252.17,4,1.0,0
1638,0,0,47,0,1,2,52.53,2459.02,1,7.0,0
1639,1,0,34,2,0,2,110.1,3712.73,4,2.0,0
1641,1,0,55,1,2,1,102.54,5640.29,3,8.0,1
1642,0,0,43,2,0,0,104.49,4560.22,4,0.0,0
1643,0,0,30,0,2,1,44.9,1341.61,4,8.0,0
1645,0,0,26,2,0,3,26.73,679.11,2,3.0,0
1646,0,0,8,1,1,0,29.49,282.26,4,3.0,0
1647,0,0,47,2,0,2,119.89,5646.23,3,9.0,0
1648,0,0,72,2,0,0,52.66,3878.3,4,8.0,0
1650,1,0,68,0,1,2,100.67,6787.13,3,7.0,1
1651,0,0,33,0,0,2,105.8,3583.06,3,3.0,0
1652,1,0,1,1,1,2,119.76,83.1,4,2.0,1
1653,1,0,19,0,0,1,44.15,805.35,1,0.0,0
1654,0,0,31,1,1,3,24.04,701.3,3,9.0,0
1656,0,0,53,0,0,1,33.01,1686.75,1,3.0,0
1657,1,0,48,0,2,1,22.24,1068.77,1,7.0,1
1659,1,0,62,1,1,0,98.37,6151.0,3,0.0,0
1660,0,0,66,0,1,3,76.62,5028.61,1,4.0,1
1661,1,0,64,0,0,1,51.28,3302.54,4,1.0,0
1662,1,0,70,0,0,0,85.43,5921.83,1,2.0,0
1663,1,0,63,1,1,1,43.2,2835.41,5,5.0,0
1665,0,0,41,0,1,3,96.44,3954.29,5,2.0,1
1666,1,0,48,1,0,3,82.37,4036.7,3,5.0,0
1667,1,0,13,0,1,1,96.23,1221.66,1,4.0,1
1668,0,0,31,0,0,2,23.89,824.08,1,9.0,0
1669,1,0,68,1,0,2,103.71,7031.84,4,8.0,0
1670,1,0,4,0,1,1,81.95,361.4,1,0.0,1
1671,0,0,19,1,1,3,76.34,1421.82,5,2.0,0
1672,0,0,70,0,0,2,82.46,5704.5,3,2.0,1
1673,1,0,13,2,1,3,106.44,1404.49,2,5.0,1
1674,0,0,23,0,1,2,78.69,1841.95,1,7.0,0
1675,1,0,1,1,0,1,78.1,12.3,2,2.0,1
1676,1,0,54,2,1,0,119.07,6414.31,1,2.0,0
1678,1,0,15,0,1,3,64.23,993.45,5,7.0,1
1679,0,0,65,0,1,3,90.74,5878.32,3,5.0,1
1680,0,0,71,1,1,2,58.92,4153.66,2,9.0,1
1681,1,0,15,0,2,1,42.89,740.73,1,2.0,0
1682,0,0,21,0,0,2,79.69,1601.04,2,3.0,0
1683,1,0,19,1,1,1,112.82,2140.59,5,0.0,0
1684,0,0,60,0,1,1,112.91,6701.6,3,7.0,1
1685,1,0,33,1,1,3,54.19,1854.03,2,3.0,0
1687,1,0,35,0,1,0,41.16,1449.63,5,2.0,1
1688,1,0,44,1,1,3,119.56,5399.22,1,5.0,0
1689,0,0,11,1,0,0,118.11,1269.56,2,8.0,0
1690,1,0,72,0,0,3,84.95,6203.89,5,8.0,1
1691,1,0,66,0,1,2,100.44,6609.6,1,9.0,1
1692,1,0,46,0,1,1,91.51,4197.79,1,2.0,1
1693,1,0,9,0,2,0,79.32,845.75,3,2.0,1
1694,1,0,3,0,0,0,25.33,67.95,5,3.0,0
1695,1,0,26,0,0,2,65.48,1633.67,1,6.0,0
1696,0,0,72,1,1,2,87.48,2027.995,3,2.0,0
1697,0,0,48,1,2,0,87.75,4203.51,4,9.0,0
1698,0,0,66,0,2,0,57.31,3800.96,5,7.0,0
1700,1,0,28,0,0,3,36.74,1139.38,1,5.0,0
1701,1,0,26,0,1,0,70.04,1848.77,5,3.0,1
1702,0,0,25,2,0,3,89.09,2173.46,3,4.0,0
1703,1,0,12,1,2,2,89.71,1082.79,1,1.0,0
1704,0,0,5,1,1,1,84.86,384.34,5,5.0,0
1705,1,0,48,2,0,3,47.53,2269.0,5,2.0,0
1706,1,0,37,0,0,1,35.62,1272.44,4,5.0,0
1707,0,0,44,0,0,3,83.59,3783.49,1,4.0,0
1708,1,0,15,1,1,0,79.93,1164.38,3,1.0,0
1709,0,0,43,0,0,3,37.94,1665.61,3,4.0,0
1710,0,0,48,1,0,1,90.51,4328.49,1,4.0,0
1711,0,0,70,1,2,1,65.52,4528.28,1,8.0,1
1712,1,0,46,1,0,0,86.78,4001.58,2,7.0,0
1715,1,0,23,1,1,0,21.91,372.92,1,9.0,0
1716,0,0,47,2,0,1,97.91,4540.04,2,3.0,0
1717,0,0,15,1,0,2,80.97,1262.42,2,5.0,0
1718,1,0,25,2,1,1,89.96,2202.92,5,2.0,0
1720,1,0,51,0,1,3,100.28,5051.43,4,7.0,1
1721,1,0,15,0,0,1,116.09,1777.96,5,5.0,0
1723,0,0,21,2,2,3,68.85,1482.44,2,6.0,0
1724,0,0,13,2,0,1,69.95,834.08,3,2.0,0
1725,1,0,19,0,0,0,35.37,750.21,5,9.0,1
1726,1,0,34,0,1,2,77.26,2568.16,3,7.0,0
1727,0,0,68,0,1,1,47.7,3204.25,2,0.0,1
1728,1,0,52,2,0,1,112.13,5875.68,5,2.0,0
1729,1,0,27,0,1,0,78.32,2171.13,5,4.0,0
1730,0,0,29,0,0,3,79.28,2027.995,3,4.0,0
1732,0,0,35,0,2,0,25.2,849.35,1,1.0,0
1733,1,0,8,2,1,3,23.17,105.14,5,9.0,0
1734,0,0,16,0,1,1,62.33,933.77,1,7.0,1
1735,0,0,36,0,0,0,28.46,962.07,2,4.0,1
1736,0,0,30,0,0,0,80.68,2405.84,5,6.0,1
1738,0,0,2,1,0,1,108.29,238.26,1,4.0,0
1739,0,0,49,0,0,2,85.9,4183.89,4,7.0,1
1740,0,0,4,0,0,0,41.12,140.29,1,8.0,1
1742,0,0,39,0,0,3,108.61,4160.96,4,3.0,0
1744,1,0,31,0,2,1,93.74,2970.29,2,0.0,0
1745,0,0,71,0,1,2,48.65,3423.01,5,3.0,0
1747,0,0,56,2,1,3,119.72,6766.7,3,3.0,0
1748,1,0,42,1,0,0,23.0,959.96,5,5.0,1
1749,0,0,61,0,1,0,109.74,6723.34,3,4.0,0
1750,1,0,42,0,1,2,82.26,3450.43,1,8.0,0
1751,0,0,56,0,0,0,117.34,6648.76,1,9.0,1
1752,0,0,36,0,0,2,66.5,2418.54,4,8.0,0
1753,1,0,68,1,1,1,104.74,7149.62,4,3.0,0
1754,1,0,7,0,2,1,26.24,211.99,5,3.0,0
1755,0,0,54,0,1,1,53.53,2862.75,5,7.0,1
1756,1,0,1,1,0,3,26.7,3.54,5,9.0,0
1757,0,0,44,0,0,3,117.53,5209.97,1,3.0,1
1758,1,0,45,1,0,0,101.7,4582.7,3,1.0,0
1759,0,0,47,0,0,2,105.25,4888.09,5,1.0,0
1760,1,0,13,0,1,0,113.8,1573.01,5,0.0,0
1761,0,0,22,2,1,1,28.51,676.13,1,4.0,0
1762,1,0,21,0,0,0,58.56,1231.64,1,5.0,0
1764,1,0,26,1,1,0,41.08,1078.0,3,4.0,0
1765,0,0,9,2,0,1,42.94,412.31,5,5.0,0
1766,1,0,15,2,2,2,66.91,902.01,2,5.0,0
1767,1,0,10,1,1,0,46.86,574.18,2,2.0,1
1768,0,0,42,0,2,1,30.1,2027.995,5,3.0,0
1769,1,0,72,2,2,3,36.75,2645.84,5,0.0,0
1770,1,0,24,1,1,2,34.73,835.2,5,3.0,0
1771,0,0,49,0,0,1,117.31,5847.92,5,0.0,1
1772,0,0,26,2,2,0,95.93,2489.75,3,4.0,1
1773,0,0,37,0,0,1,116.78,4400.14,2,7.0,0
1774,0,0,68,0,0,2,63.97,4370.57,4,7.0,0
1775,1,0,50,2,1,0,47.84,2343.75,2,4.0,0
1776,1,0,24,0,0,3,99.83,2402.64,2,9.0,0
1777,1,0,19,0,0,3,52.63,993.96,1,1.0,0
1778,0,0,60,0,0,3,49.94,2942.1,5,5.0,0
1779,1,0,39,1,0,1,43.25,1704.66,5,0.0,1
1780,1,0,18,0,1,2,32.97,594.53,5,6.0,1
1781,0,0,19,0,0,3,45.65,895.1,1,3.0,1
1782,1,0,36,1,1,0,55.53,2008.82,3,4.0,1
1784,0,0,69,0,1,0,26.26,1850.11,4,0.0,1
1785,1,0,47,1,1,1,41.05,1898.16,3,8.0,0
1787,0,0,33,1,0,2,34.69,1151.27,5,3.0,0
1788,1,0,21,0,1,3,54.26,1111.85,2,7.0,0
1789,1,0,22,2,2,2,106.47,2361.36,3,4.0,0
1790,1,0,48,0,2,0,35.49,1803.59,3,7.0,1
1791,0,0,37,0,1,0,28.27,1147.51,1,0.0,1
1793,1,0,35,1,2,0,50.24,1717.14,1,3.0,0
1794,1,0,71,0,0,2,76.34,5449.43,5,1.0,1
1795,0,0,32,0,0,0,69.95,3193.66,2,5.0,0
1796,1,0,11,1,0,3,33.71,390.45,4,1.0,0
1797,1,0,10,2,1,1,78.07,747.66,1,4.0,1
1798,0,0,57,1,1,1,70.55,4033.93,3,1.0,0
1799,1,0,25,0,1,2,34.41,819.6,3,2.0,1
1800,1,0,2,0,1,0,82.4,224.01,4,5.0,1
1801,1,0,64,1,0,0,47.36,3001.8,3,0.0,0
1802,1,0,35,0,1,2,68.78,2440.48,1,5.0,0
1804,0,0,18,0,1,3,65.96,1226.31,3,6.0,1
1805,0,0,67,2,2,2,50.65,3344.99,3,1.0,0
1806,0,0,42,0,1,0,102.24,4307.06,5,5.0,1
1807,1,0,39,0,1,3,25.7,1053.38,2,7.0,1
1808,1,0,41,2,0,1,61.86,2526.29,4,0.0,0
1809,1,0,24,0,1,0,65.84,1528.78,1,8.0,0
1810,1,0,60,0,2,1,92.5,5574.88,4,4.0,1
1811,0,0,46,2,0,1,77.43,3519.67,5,4.0,0
1812,1,0,19,0,1,1,86.72,1627.49,1,4.0,0
1813,1,0,68,0,0,0,97.7,6657.21,5,5.0,1
1814,0,0,42,0,1,1,106.22,4529.29,5,1.0,0
1815,0,0,32,0,1,0,51.39,1645.73,3,5.0,1
1816,0,0,39,0,1,1,73.8,2879.43,4,3.0,1
1817,1,0,36,1,2,2,104.01,3781.26,4,7.0,0
1818,0,0,36,1,0,2,118.95,4284.54,3,8.0,0
1819,1,0,3,0,0,0,108.95,358.63,4,8.0,1
1820,1,0,8,0,1,1,57.15,511.1,3,7.0,0
1821,0,0,70,2,0,1,39.52,2749.78,1,2.0,0
1822,0,0,41,2,1,1,68.94,2662.76,5,9.0,0
1824,1,0,13,2,0,1,69.26,960.77,4,0.0,1
1825,1,0,49,1,1,1,69.95,3345.9,2,8.0,0
1827,0,0,2,0,0,1,56.14,170.62,3,5.0,0
1828,1,0,60,0,0,2,69.95,6353.7,2,2.0,0
1829,1,0,5,2,0,1,60.68,198.78,2,9.0,0
1830,1,0,44,1,1,2,52.82,2248.96,5,7.0,1
1831,1,0,27,1,0,2,65.4,1786.71,5,6.0,0
1832,0,0,32,0,1,3,96.24,3076.49,5,0.0,1
1833,1,0,21,1,1,2,32.6,757.34,3,9.0,1
1834,0,0,8,1,1,3,39.64,280.47,2,4.0,0
1836,1,0,50,0,1,1,37.55,1833.23,3,8.0,1
1837,1,0,67,1,2,3,76.77,5117.74,1,5.0,0
1838,0,0,44,0,0,0,77.93,3334.39,5,7.0,1
1841,1,0,70,0,0,3,42.98,3001.97,1,9.0,0
1842,1,0,2,1,1,1,75.27,258.01,3,6.0,1
1843,0,0,44,0,1,2,57.22,2609.24,3,2.0,1
1844,1,0,2,2,1,0,86.17,134.79,4,8.0,1
1845,0,0,35,0,1,1,34.12,2027.995,4,5.0,1
1846,0,0,30,1,1,3,77.09,2307.67,3,4.0,0
1847,1,0,8,2,0,1,38.53,327.04,1,7.0,0
1848,0,0,22,0,0,0,47.86,1009.99,2,7.0,1
1849,1,0,44,0,2,1,41.87,1801.77,2,2.0,0
1850,1,0,58,0,2,0,38.28,2299.59,5,1.0,0
1851,1,0,36,0,1,1,102.57,3679.68,5,1.0,1
1852,0,0,69,1,2,2,48.57,3384.49,2,4.0,0
1853,1,0,31,1,0,1,112.71,3447.57,3,9.0,0
1854,1,0,47,2,0,2,116.99,5495.81,3,6.0,0
1855,0,0,55,2,0,0,77.13,4225.12,4,7.0,1
1856,0,0,62,0,0,2,34.3,2092.84,4,9.0,1
1857,0,0,30,1,1,1,57.45,1781.41,5,7.0,0
1858,0,0,55,2,2,2,99.77,5418.08,2,7.0,0
1859,1,0,16,0,1,0,56.74,922.83,3,9.0,1
1860,1,0,12,0,1,1,28.7,326.66,2,2.0,1
1861,1,0,17,0,0,2,75.68,1307.28,1,1.0,0
1862,1,0,16,2,0,2,104.51,1655.11,2,3.0,0
1863,0,0,12,1,0,3,99.59,1238.47,1,0.0,0
1864,0,0,8,1,1,2,37.51,253.11,4,2.0,0
1865,1,0,3,0,1,3,87.28,319.71,4,8.0,0
1866,0,0,16,2,2,0,42.05,671.37,5,6.0,0
1867,0,0,30,0,2,3,41.82,1188.2,2,6.0,1
1868,0,0,23,1,0,0,107.41,2504.38,2,0.0,0
1869,0,0,5,0,0,2,44.97,214.89,1,6.0,1
1871,1,0,30,1,0,3,20.07,618.58,1,6.0,0
1872,1,0,21,2,1,0,107.07,2298.73,4,3.0,0
1873,0,0,70,0,1,2,99.26,7012.27,1,6.0,1
1874,0,0,22,0,0,3,82.73,1801.21,4,7.0,1
1875,1,0,72,0,1,3,95.03,6849.18,1,2.0,1
1876,1,0,32,0,1,3,35.2,1129.08,4,9.0,1
1877,0,0,33,0,2,2,65.83,2246.96,1,1.0,0
1878,0,0,16,1,0,0,55.12,841.43,2,6.0,1
1879,0,0,38,2,2,2,29.38,1093.12,5,4.0,0
1880,1,0,14,0,1,1,68.61,918.85,1,4.0,1
1881,0,0,36,1,1,1,112.07,3962.21,5,4.0,1
1882,0,0,23,0,0,2,24.01,564.53,2,6.0,0
1883,0,0,66,0,1,0,49.15,3323.71,2,8.0,0
1884,0,0,2,0,1,3,40.75,71.58,4,7.0,1
1885,0,0,65,1,1,1,43.81,2803.86,5,5.0,1
1887,0,0,52,0,1,2,66.81,3503.41,4,8.0,1
1888,0,0,62,0,2,1,66.63,4123.24,5,5.0,1
1889,1,0,23,0,0,1,96.06,2279.5,1,0.0,0
1890,1,0,26,0,1,3,35.45,881.06,1,3.0,1
1891,1,0,68,2,0,3,68.73,4659.06,2,7.0,0
1892,0,0,55,1,1,0,63.0,3479.72,3,6.0,0
1893,1,0,6,2,2,1,79.69,497.79,1,2.0,0
1894,1,0,35,0,0,0,119.96,4200.81,5,9.0,0
1895,1,0,22,0,1,0,96.94,2068.87,5,2.0,1
1896,1,0,43,0,1,3,59.79,2687.72,1,2.0,0
1897,1,0,15,0,0,3,102.76,1529.53,5,0.0,1
1898,0,0,60,1,1,2,37.07,2229.76,5,9.0,0
1899,1,0,12,0,0,3,23.05,307.39,2,0.0,1
1900,0,0,49,0,2,0,40.44,1949.97,3,5.0,0
1901,0,0,42,1,2,1,54.04,2272.57,2,0.0,0
1902,1,0,38,0,1,0,71.06,2666.35,3,4.0,1
1903,0,0,45,2,1,0,81.51,3688.86,5,3.0,0
1904,1,0,35,0,1,0,111.06,3873.32,3,4.0,0
1905,0,0,30,1,0,3,70.99,2143.0,5,6.0,0
1906,0,0,30,0,1,0,70.13,2051.5,5,5.0,0
1907,1,0,6,2,1,2,25.02,108.7,2,8.0,0
1908,0,0,67,0,2,1,23.49,1505.65,2,5.0,0
1909,0,0,7,1,1,3,75.12,490.29,4,8.0,0
1910,0,0,52,0,1,0,63.82,3189.85,1,3.0,1
1911,0,0,14,1,1,2,103.92,1439.5,4,0.0,1
1912,0,0,15,0,0,1,36.07,514.31,4,0.0,0
1913,0,0,21,0,1,0,22.5,479.99,3,5.0,1
1914,0,0,35,2,1,1,64.9,2273.87,5,6.0,0
1916,1,0,2,0,1,3,24.96,179.64,5,1.0,0
1917,0,0,35,2,1,2,69.95,3292.97,1,5.0,0
1918,1,0,20,0,1,3,31.16,600.53,3,5.0,1
1919,1,0,10,2,1,2,80.83,783.65,3,6.0,0
1920,0,0,25,1,1,0,48.1,1246.06,5,4.0,1
1921,0,0,66,0,1,1,37.35,2380.91,4,7.0,0
1923,1,0,54,2,0,1,100.14,5395.9,4,1.0,0
1924,1,0,33,0,2,1,69.95,1983.12,2,0.0,1
1925,0,0,36,1,1,0,95.08,3453.46,3,8.0,1
1926,0,0,14,0,1,0,32.55,418.45,3,4.0,1
1927,0,0,65,2,1,3,97.28,6302.3,4,4.0,1
1928,1,0,54,1,0,0,43.69,2381.7,1,9.0,1
1929,0,0,52,0,0,1,87.74,4522.5,3,3.0,1
1930,0,0,3,1,1,2,76.58,290.04,4,1.0,0
1931,0,0,41,1,1,2,112.91,4659.95,1,4.0,0
1933,1,0,25,0,1,3,26.62,684.96,1,6.0,0
1934,0,0,13,0,0,0,21.92,2027.995,5,8.0,0
1935,0,0,8,1,0,0,102.69,790.17,1,8.0,0
1936,1,0,21,0,1,0,72.47,1500.71,2,5.0,1
1938,1,0,25,1,1,1,43.44,1096.11,4,5.0,0
1939,1,0,68,0,0,2,54.51,3685.43,5,4.0,0
1940,0,0,45,1,1,1,23.01,1072.95,5,3.0,0
1941,1,0,60,1,0,3,116.15,6960.26,4,5.0,0
1942,0,0,12,1,0,2,86.79,1006.78,4,5.0,0
1943,1,0,32,0,1,2,113.32,3638.97,2,5.0,1
1944,1,0,13,0,1,1,46.55,554.49,4,1.0,1
1945,0,0,31,0,0,3,81.15,2431.18,3,6.0,0
1946,1,0,20,2,2,3,87.85,1756.74,3,3.0,0
1949,0,0,63,1,0,3,114.72,7178.78,1,1.0,0
1950,0,0,6,2,0,1,108.49,711.36,3,4.0,0
1951,1,0,32,0,1,3,93.91,2971.94,4,3.0,0
1952,0,0,43,0,0,2,47.75,2031.5,2,8.0,1
1954,0,0,60,0,0,3,116.34,6911.33,1,7.0,1
1955,1,0,23,0,1,2,21.03,411.13,5,7.0,0
1956,1,0,31,0,0,3,91.6,2858.8,3,5.0,0
1957,1,0,5,2,0,0,90.62,430.88,4,5.0,0
1958,1,0,34,1,0,1,82.27,2752.07,2,7.0,0
1959,0,0,10,1,1,2,119.01,1220.28,1,9.0,1
1960,0,0,2,1,1,2,51.19,61.78,5,8.0,1
1961,1,0,11,0,1,0,54.0,580.24,3,4.0,0
1962,1,0,50,1,1,2,27.89,1349.89,3,0.0,0
1963,0,0,31,0,1,0,64.28,2007.85,2,0.0,1
1964,1,0,56,2,1,2,46.1,2648.48,1,1.0,0
1965,1,0,9,0,0,0,54.34,396.0,2,9.0,0
1966,0,0,21,0,0,3,103.46,2178.23,2,9.0,0
1967,1,0,28,0,1,3,113.55,3222.19,5,4.0,1
1968,1,0,62,0,1,3,38.57,2370.47,3,3.0,1
1969,0,0,7,1,0,2,69.95,344.2,4,0.0,0
1971,0,0,4,0,1,0,26.18,154.81,3,3.0,0
1973,0,0,40,1,0,3,36.28,1469.46,4,3.0,0
1974,0,0,17,0,1,1,79.52,1356.76,1,0.0,0
1975,1,0,52,1,0,3,35.05,1777.51,4,8.0,0
1976,0,0,52,0,0,1,116.81,6117.26,1,2.0,0
1977,0,0,36,0,1,3,64.67,2368.67,4,3.0,0
1978,1,0,38,0,0,0,70.15,2608.87,2,4.0,0
1979,0,0,50,2,0,3,44.67,2251.52,4,6.0,0
1980,1,0,63,1,0,2,67.1,4259.69,5,5.0,0
1982,0,0,62,1,0,3,95.12,5893.55,3,7.0,0
1984,0,0,27,0,1,2,77.79,2075.2,1,6.0,1
1985,1,0,14,2,1,0,110.44,1495.74,1,5.0,0
1986,1,0,71,0,2,1,101.74,7221.04,3,4.0,1
1988,0,0,55,0,0,2,25.56,1513.08,5,2.0,0
1989,0,0,2,0,1,1,20.69,86.11,3,0.0,1
1990,0,0,62,0,0,2,41.24,2605.65,3,5.0,0
1991,1,0,21,2,2,3,86.35,1836.97,2,1.0,0
1992,0,0,21,1,1,1,61.12,1265.15,5,9.0,0
1993,1,0,10,1,0,3,60.24,588.64,3,2.0,0
1994,1,0,58,0,1,0,108.46,6281.41,2,7.0,1
1995,1,0,39,0,0,1,109.56,4282.11,5,9.0,0
1997,0,0,65,0,2,0,51.39,3340.24,1,2.0,0
1998,0,0,13,0,1,2,89.11,1143.84,2,5.0,1
